show,year,rating,imdb,rotten_tomatoes
0,The Wire,2002,18+,9.3,94%
1,The Sopranos,1999,18+,9.2,92%
2,Band of Brothers,2001,18+,9.4,94%
3,Vikings,2013,18+,8.6,93%
4,House,2004,16+,8.7,90%
5,Mr. Robot,2015,18+,8.5,94%
6,Parks and Recreation,2009,16+,8.6,93%
7,The Boys,2019,18+,8.7,84%
8,Suits,2011,16+,8.5,90%
9,The Expanse,2015,16+,8.5,93%
10,Fleabag,2016,18+,8.7,100%
11,Curb Your Enthusiasm,2000,18+,8.7,92%
12,The Marvelous Mrs. Maisel,2017,18+,8.7,89%
13,Rome,2005,18+,8.7,86%
14,Boardwalk Empire,2010,18+,8.5,92%
15,Hannibal,2013,18+,8.5,92%
16,Pride and Prejudice,1995,all,8.9,88%
17,Bosch,2014,18+,8.4,97%
18,The Americans,2013,18+,8.4,96%
19,Six Feet Under,2001,18+,8.7,81%
20,Luther,2010,16+,8.5,88%
21,Orphan Black,2013,18+,8.3,93%
22,Star Trek: The Next Generation,1987,7+,8.6,89%
23,Mr. Bean,1990,all,8.5,100%
24,Chuck,2007,7+,8.2,89%
25,Psych,2006,7+,8.3,89%
26,Veep,2012,18+,8.3,93%
27,30 Rock,2006,16+,8.2,85%
28,Deadwood,2004,18+,8.6,92%
29,The Man in the High Castle,2015,18+,8.0,84%
30,The Good Wife,2009,16+,8.3,94%
31,Schitt's Creek,2015,16+,8.4,50%
32,True Blood,2008,18+,7.8,70%
33,Tom Clancy's Jack Ryan,2018,18+,8.1,71%
34,Oz,1997,18+,8.7,89%
35,Banshee,2013,18+,8.4,89%
36,Black Books,2000,7+,8.5,100%
37,Bones,2005,16+,7.8,90%
38,The Pacific,2010,18+,8.3,91%
39,Good Omens,2019,7+,8.1,84%
40,Grimm,2011,16+,7.8,89%
41,Burn Notice,2007,7+,7.9,88%
42,Teen Wolf,2011,16+,7.6,81%
43,The Night Manager,2016,16+,8.1,91%
44,American Horror Story,2011,18+,8.0,N/A
45,The Fall,2013,18+,8.2,84%
46,The Newsroom,2012,16+,8.6,59%
47,The Grand Tour,2016,16+,8.7,66%
48,Star Trek,1966,7+,8.3,80%
49,Counterpart,2017,18+,8.1,100%
50,Californication,2007,18+,8.3,57%
51,RuPaul's Drag Race,2009,16+,8.5,83%
52,Flight of the Conchords,2007,16+,8.5,94%
53,Entourage,2004,16+,8.4,66%
54,Peep show,2003,18+,8.6,96%
55,Sneaky Pete,2015,18+,8.2,96%
56,Downton Abbey,2010,16+,8.7,N/A
57,Homecoming,2018,16+,7.5,98%
58,Blue Bloods,2010,16+,7.5,91%
59,Star Trek: Deep Space Nine,1993,7+,7.9,90%
60,Humans,2015,16+,8.0,94%
61,Mushi-Shi,2005,16+,8.5,100%
62,Undone,2019,18+,8.2,100%
63,Generation Kill,2008,18+,8.5,86%
64,The Thick of It,2005,18+,8.7,85%
65,Monk,2002,7+,7.9,90%
66,Farscape,1999,16+,8.2,90%
67,Eastbound & Down,2009,18+,8.2,91%
68,Father Ted,1995,16+,8.6,93%
69,The Missing,2014,16+,8.2,93%
70,Carnival Row,2019,18+,7.9,57%
71,Upload,2020,N/A,8.2,81%
72,Workaholics,2011,18+,8.1,86%
73,Dead Like Me,2003,16+,8.1,87%
74,Law & Order: Special Victims Unit,1999,16+,8.0,N/A
75,Stargate SG-1,1997,7+,8.4,N/A
76,Elfen Lied,2004,18+,8.0,100%
77,Extras,2005,16+,8.3,89%
78,Goliath,2016,16+,8.2,82%
79,The Mentalist,2008,16+,8.1,N/A
80,Poldark,2015,16+,8.3,87%
81,Catastrophe,2015,18+,8.2,98%
82,Star Trek: Voyager,1995,7+,7.8,77%
83,John Adams,2008,16+,8.5,81%
84,Girls,2012,18+,7.3,89%
85,Victoria,2016,16+,8.2,87%
86,Sex and the City,1998,18+,7.1,71%
87,Tales from the Loop,2020,16+,7.5,68%
88,River,2015,7+,8.0,100%
89,The Lost Room,2006,7+,8.2,77%
90,Awkward.,2011,16+,7.5,78%
91,Chicago P.D.,2014,16+,8.1,N/A
92,Escape at Dannemora,2018,18+,8.0,89%
93,Merlin,2008,7+,7.9,N/A
94,Modern Love,2019,18+,8.0,75%
95,Mozart in the Jungle,2014,18+,8.2,94%
96,Gavin & Stacey,2007,16+,8.1,97%
97,Angels in America,2003,18+,8.2,90%
98,Boss,2011,18+,8.1,81%
99,Stargate Universe,2009,16+,7.6,70%
100,Heartland,2007,7+,8.4,45%
101,Hanna,2019,16+,7.5,67%
102,Queer as Folk,1999,18+,8.2,100%
103,Patrick Melrose,2018,18+,8.1,90%
104,Defiance,2013,18+,7.0,77%
105,The Family Man,2019,16+,8.6,N/A
106,SpongeBob SquarePants,1999,7+,8.1,N/A
107,Hunters,2020,18+,7.2,64%
108,The Durrells,2016,7+,8.1,98%
109,Star Trek: Enterprise,2001,7+,7.5,50%
110,The Tick,2016,18+,7.4,95%
111,ZeroZeroZero,2020,18+,8.2,80%
112,Stargate Atlantis,2004,7+,8.1,N/A
113,Treme,2010,18+,8.2,96%
114,Patriot,2015,18+,8.3,90%
115,Red Oaks,2014,18+,7.9,93%
116,Cheers,1982,7+,7.8,N/A
117,Eureka,2006,7+,7.9,N/A
118,In Treatment,2008,18+,8.3,88%
119,The Addams Family,1964,all,7.9,100%
120,Strike Back,2010,18+,8.2,N/A
121,Pokémon,1997,7+,7.5,N/A
122,Animal Kingdom,2016,18+,8.2,N/A
123,Bored to Death,2009,18+,7.9,79%
124,Survivor,2000,7+,7.2,N/A
125,House of Lies,2012,18+,7.4,77%
126,MacGyver,1985,7+,7.7,N/A
127,Mildred Pierce,2011,18+,7.7,80%
128,NYPD Blue,1993,18+,7.5,84%
129,Mr. Show with Bob and David,1995,18+,8.3,100%
130,Cougar Town,2009,7+,6.9,89%
131,Blackadder,1983,7+,8.1,N/A
132,The Hitchhiker's Guide to the Galaxy,1981,7+,8.0,67%
133,Transparent,2014,18+,7.8,90%
134,BrainDead,2016,16+,8.1,65%
135,Endeavour,2012,16+,8.6,86%
136,Fortitude,2015,18+,7.4,84%
137,Descendants of the Sun,2016,16+,8.4,N/A
138,Ancient Aliens,2010,7+,7.3,N/A
139,Philip K. Dick's Electric Dreams,2017,18+,7.3,72%
140,A Very English Scandal,2018,16+,7.7,95%
141,Carnivàle,2003,18+,8.4,N/A
142,"Eerie, Indiana",1991,7+,8.2,100%
143,Big Love,2006,18+,7.5,80%
144,The Planets,2019,all,9.1,100%
145,Rurouni Kenshin,1996,16+,8.5,N/A
146,Harper's Island,2009,16+,7.5,64%
147,Beauty and the Beast,2012,16+,7.0,51%
148,Sesame Street,1969,all,8.1,N/A
149,Salvation,2017,16+,7.0,44%
150,Hell's Kitchen,2005,16+,7.1,N/A
151,ALF,1986,all,7.4,N/A
152,The Amazing Race,2001,7+,7.6,N/A
153,The Tunnel,2013,18+,7.8,91%
154,Saint Seiya,1986,7+,8.4,N/A
155,Extant,2014,16+,6.6,77%
156,Ordeal by Innocence,2018,N/A,7.3,91%
157,Rake,2010,16+,8.6,100%
158,The Test: A New Era For Australia's Team,2020,N/A,9.0,N/A
159,Shameless,2004,18+,8.0,N/A
160,Undercover,2011,7+,8.9,N/A
161,Psycho-Pass,2012,16+,8.2,N/A
162,Thirteen,2016,N/A,7.3,94%
163,Yu Yu Hakusho,1992,16+,8.4,100%
164,The Andy Griffith Show,1960,all,8.3,N/A
165,Hung,2009,18+,7.1,71%
166,Briarpatch,2020,18+,6.4,77%
167,Inside Edge,2017,18+,8.0,N/A
168,Flesh and Bone,2015,16+,8.0,62%
169,"Magnum, P.I.",1980,7+,7.5,N/A
170,H2O: Just Add Water,2006,all,7.2,N/A
171,NOVA,1974,7+,8.7,N/A
172,Flashpoint,2008,16+,7.7,N/A
173,Mirzapur,2018,N/A,8.5,N/A
174,Ghost Whisperer,2005,7+,6.3,N/A
175,The Comeback,2005,18+,8.0,72%
176,Home Fires,2015,7+,8.2,100%
177,Wolf Hall,2015,16+,8.1,98%
178,Enlightened,2011,18+,7.5,87%
179,Absentia,2017,18+,7.3,50%
180,Trapped,2015,18+,8.1,N/A
181,Spiral,2005,7+,8.5,N/A
182,Conversations with a Killer: The Ted Bundy Tapes,2019,18+,7.8,54%
183,Grantchester,2014,16+,7.9,95%
184,LEGO Ninjago: Masters of Spinjitzu,2012,all,6.8,N/A
185,Vinland Saga,2019,N/A,8.9,N/A
186,Tin Star,2017,18+,7.3,57%
187,Vegas,2012,7+,7.3,67%
188,Rugrats,1991,all,7.4,N/A
189,Beavis and Butt-head,1993,16+,7.5,N/A
190,Robin of Sherwood,1984,N/A,8.5,N/A
191,Too Old to Die Young,2019,18+,7.4,69%
192,Unforgotten,2015,18+,8.2,N/A
193,"Kill Me, Heal Me",2015,16+,8.3,N/A
194,America's Next Top Model,2003,7+,5.5,N/A
195,How to Make It in America,2010,18+,7.9,66%
196,Howards End,2017,7+,7.3,90%
197,The League of Gentlemen,1999,18+,8.4,N/A
198,Good Girls Revolt,2015,7+,8.2,73%
199,Dawson's Creek,1998,16+,6.6,N/A
200,Klondike,2014,16+,7.4,80%
201,The Carol Burnett Show,1967,all,8.8,N/A
202,Baseball,1994,16+,9.2,N/A
203,Forever,2018,18+,7.2,94%
204,Silent Witness,1996,16+,7.8,N/A
205,Vanity Fair,2018,N/A,7.3,88%
206,Britannia,2018,16+,6.7,74%
207,The Outer Limits,1995,18+,7.7,N/A
208,How the Universe Works,2010,7+,9.0,N/A
209,Informer,2018,N/A,7.9,79%
210,Mad Dogs,2015,18+,7.5,66%
211,Detectorists,2014,N/A,8.6,N/A
212,Made In Abyss,2017,18+,8.4,N/A
213,The Joy of Painting,1983,all,9.4,N/A
214,The Saint,1962,7+,7.5,N/A
215,Life's Too Short,2011,16+,7.5,53%
216,Hunted,2012,18+,6.6,76%
217,Forensic Files,1996,16+,8.8,N/A
218,A Different World,1987,N/A,6.9,95%
219,Sense and Sensibility,2008,16+,8.0,N/A
220,Spawn,1997,18+,8.1,N/A
221,Chacha Vidhayak Hain Humare,2018,N/A,8.0,N/A
222,Hustle,2004,16+,8.1,N/A
223,Laakhon Mein Ek,2017,N/A,8.3,N/A
224,Brideshead Revisited,1981,N/A,8.5,N/A
225,Toradora!,2008,16+,8.1,N/A
226,Darker than Black,2007,16+,7.8,N/A
227,Jean-Claude Van Johnson,2016,18+,7.7,64%
228,Cold Feet,1998,7+,8.2,82%
229,The Cosby Show,1984,all,7.3,N/A
230,Arthur,1996,7+,7.3,N/A
231,American Experience,1988,7+,8.5,N/A
232,Bonanza,1959,7+,7.3,N/A
233,Highlander: The Series,1992,16+,7.2,N/A
234,Forged in Fire,2015,7+,8.4,N/A
235,River Monsters,2009,7+,8.2,N/A
236,Tell Me You Love Me,2007,18+,7.3,62%
237,Alpha House,2013,16+,7.5,79%
238,Doctor Thorne,2016,7+,7.2,87%
239,Shaun the Sheep,2007,all,8.2,N/A
240,Survivorman,2004,7+,8.2,N/A
241,Family Tree,2013,18+,7.4,81%
242,The Kettering Incident,2016,18+,6.9,67%
243,Lewis,2007,16+,8.0,N/A
244,The ABC Murders,2018,16+,6.6,72%
245,Dororo,2019,18+,8.4,N/A
246,Little Women,2017,7+,7.2,82%
247,Romanzo Criminale,2008,16+,8.6,N/A
248,Parade's End,2012,18+,7.6,N/A
249,Our Girl,2014,16+,7.8,N/A
250,Just Add Magic,2015,7+,8.2,N/A
251,4 Blocks,2017,N/A,8.2,N/A
252,Mission: Impossible,1966,7+,7.6,N/A
253,Man vs. Wild,2006,7+,8.1,N/A
254,Robotech,1985,7+,8.5,N/A
255,In Plain Sight,2008,16+,7.3,N/A
256,DCI Banks,2011,18+,7.6,N/A
257,Isabel,2012,7+,8.3,N/A
258,Fresh Meat,2011,18+,7.9,N/A
259,Republic of Doyle,2010,16+,7.3,N/A
260,Hand of God,2014,18+,7.5,30%
261,The Pink Panther Show,1964,all,7.6,N/A
262,The Living and the Dead,2016,N/A,7.5,78%
263,Lucky Louie,2006,18+,7.9,45%
264,Princess Hours,2006,7+,7.7,N/A
265,Dark Shadows,1966,7+,7.5,N/A
266,This Is England '86,2010,18+,8.3,N/A
267,Kenichi The Mightiest Disciple,2006,16+,8.2,N/A
268,Secret Diary of a Call Girl,2007,18+,7.4,N/A
269,Hello Ladies,2013,18+,7.4,52%
270,Being Erica,2009,16+,7.5,N/A
271,The Guardian,2001,7+,7.4,N/A
272,Medium,2005,16+,6.9,N/A
273,Power Rangers,1993,7+,6.4,73%
274,Going Postal,2010,N/A,7.8,N/A
275,A Gifted Man,2011,7+,7.0,66%
276,Mister Rogers' Neighborhood,1968,all,8.6,N/A
277,McLeod's Daughters,2001,16+,7.2,N/A
278,Comrade Detective,2017,18+,7.3,83%
279,The Booth at the End,2010,16+,8.4,N/A
280,Wolfblood,2013,7+,7.7,N/A
281,Malgudi Days,1987,all,9.5,N/A
282,Blue Exorcist,2011,16+,7.5,N/A
283,Breaking In,2011,16+,7.1,56%
284,Unsolved Mysteries,1987,7+,8.3,N/A
285,She Was Pretty,2015,N/A,7.7,N/A
286,Mercy Street,2016,7+,7.4,73%
287,American Gothic,2016,16+,6.7,58%
288,The Pale Horse,2020,all,6.1,79%
289,The Last Tycoon,2016,18+,7.7,46%
290,Indian Summers,2015,18+,7.2,83%
291,The Men Who Built America,2012,7+,8.6,N/A
292,All or Nothing: Manchester City,2018,N/A,8.3,N/A
293,Grounded for Life,2001,16+,7.4,N/A
294,The Royals,2015,16+,7.5,N/A
295,Dance Academy,2010,16+,8.1,N/A
296,Cops,1989,18+,7.0,N/A
297,"Dr. Quinn, Medicine Woman",1993,7+,6.7,N/A
298,Married at First Sight,2014,16+,6.3,N/A
299,Tropical Heat,1991,N/A,7.9,94%
300,The A Word,2016,N/A,7.8,83%
301,Underbelly,2008,18+,8.1,N/A
302,The Widow,2019,18+,6.9,59%
303,Infinity Train,2019,7+,8.4,N/A
304,Jeremiah,2002,18+,7.0,N/A
305,Made in Heaven,2019,18+,8.3,N/A
306,Yu-Gi-Oh!,1998,N/A,7.9,N/A
307,Beware the Batman,2013,7+,7.3,82%
308,Lore,2017,16+,6.7,65%
309,Sea Patrol,2007,7+,7.4,N/A
310,Horrible Histories,2009,7+,8.8,N/A
311,James May: Our Man In Japan,2020,N/A,8.5,N/A
312,Cadfael,1994,N/A,8.1,N/A
313,Hunting Hitler,2015,7+,7.5,N/A
314,Banana Fish,2018,N/A,7.9,N/A
315,Big Time Rush,2009,all,6.2,N/A
316,Mistresses,2013,16+,7.1,N/A
317,The Romanoffs,2018,7+,7.0,50%
318,Betas,2013,18+,7.0,85%
319,Making the Cut,2020,16+,6.6,63%
320,Blood Ties,2007,16+,7.2,N/A
321,The Last Post,2017,18+,7.2,64%
322,When the Levees Broke: A Requiem in Four Acts,2006,18+,8.5,97%
323,Totally Spies!,2001,7+,7.0,N/A
324,Time Team,1994,all,8.5,N/A
325,Blood & Treasure,2019,16+,6.6,N/A
326,The Greatest American Hero,1981,7+,7.3,N/A
327,Reading Rainbow,1983,all,8.3,N/A
328,6teen,2004,7+,7.2,N/A
329,Elizabeth I,2005,18+,7.9,N/A
330,I Love Dick,2016,18+,6.2,87%
331,Storage Wars,2010,7+,6.4,N/A
332,The Rifleman,1958,7+,8.3,N/A
333,The Street,2006,18+,8.3,N/A
334,Picnic at Hanging Rock,2018,16+,6.1,79%
335,Locked Up Abroad,2006,16+,8.2,N/A
336,All or Nothing,2016,18+,8.6,N/A
337,Intelligence,2006,N/A,8.2,N/A
338,ReBoot,1994,7+,7.8,N/A
339,Green Acres,1965,all,7.2,N/A
340,Angry Boys,2011,18+,7.7,54%
341,Between Two Ferns with Zach Galifianakis,2008,16+,8.4,N/A
342,Dr. G: Medical Examiner,2004,16+,8.3,N/A
343,ReGenesis,2004,18+,7.9,N/A
344,The Bay,2010,N/A,9.2,N/A
345,Wilfred,2007,18+,7.8,N/A
346,Sonic x,2003,16+,6.1,N/A
347,Cardfight!! Vanguard,2011,16+,7.2,N/A
348,Ramsay's Kitchen Nightmares,2004,16+,7.6,N/A
349,Deep Water,2016,N/A,6.9,N/A
350,Neverland,2013,7+,6.4,57%
351,Red Rock,2015,7+,7.6,N/A
352,Un village français,2009,N/A,8.3,N/A
353,Wildfire,2005,16+,7.5,N/A
354,Falling Water,2016,16+,6.5,28%
355,Thomas & Friends,1984,all,6.6,N/A
356,Kung Fu Panda: The Paws of Destiny,2018,7+,7.7,N/A
357,Ghost Hunters,2004,7+,6.2,N/A
358,Macross,1982,7+,8.6,N/A
359,John from Cincinnati,2007,N/A,7.1,50%
360,R. L. Stine's The Haunting Hour,2010,7+,8.0,N/A
361,Outrageous Fortune,2005,18+,8.3,N/A
362,Baywatch,1989,7+,5.3,N/A
363,Frontline,1983,18+,8.5,N/A
364,The Feed,2019,N/A,6.2,57%
365,The Darling Buds of May,1991,7+,7.8,N/A
366,The Backyardigans,2004,7+,6.9,N/A
367,Moon Embracing the Sun,2012,7+,8.0,N/A
368,City Homicide,2001,N/A,7.4,N/A
369,Deadly Women,2005,16+,8.0,N/A
370,Highway to Heaven,1984,7+,6.7,N/A
371,Hell Girl,2005,18+,7.5,N/A
372,Bubble Guppies,2011,all,6.5,N/A
373,Luck,2012,18+,7.5,N/A
374,Earth: Final Conflict,1997,7+,6.2,N/A
375,A Touch of Cloth,2012,16+,8.0,N/A
376,Mr. Bean: The Animated Series,2002,all,6.8,N/A
377,Appropriate Adult,2011,18+,7.5,N/A
378,Ted Bundy: Falling for a Killer,2020,18+,7.9,N/A
379,Whose Line Is It Anyway? (UK),1988,7+,8.2,N/A
380,Code Lyoko,2003,7+,7.3,N/A
381,7th Heaven,1996,7+,5.2,N/A
382,The Young Riders,1989,7+,7.8,N/A
383,Beyond Belief: Fact or Fiction,1998,7+,8.0,N/A
384,Wild Kratts,2011,all,7.7,N/A
385,Cybill,1995,7+,6.8,N/A
386,Inazuma Eleven,2008,7+,7.9,N/A
387,Thunderbirds,1965,7+,7.8,N/A
388,The Bold and the Beautiful,1987,16+,3.4,N/A
389,Drifters,2013,18+,7.7,N/A
390,The National Parks: America's Best Idea,2009,16+,8.6,N/A
391,Cagney & Lacey,1982,7+,6.7,N/A
392,The Tribe,2001,7+,7.7,N/A
393,The Bible,2013,16+,7.5,14%
394,Gortimer Gibbon's Life on Normal Street,2014,all,8.3,N/A
395,Nature,1982,all,8.9,N/A
396,Young Dracula,2006,N/A,7.7,N/A
397,Celebrity Ghost Stories,2009,7+,7.1,N/A
398,Oliver Twist,2007,7+,7.4,N/A
399,Swamp People,2010,7+,6.3,N/A
400,Bring It!,2014,7+,6.6,N/A
401,To the Ends of the Earth,2005,N/A,7.2,N/A
402,The Hills,2006,7+,3.5,52%
403,The Slave Hunters,2010,N/A,8.8,N/A
404,Charles II: The Power and The Passion,2003,16+,7.5,N/A
405,I Love Money,2008,N/A,6.1,N/A
406,Dora the Explorer,2000,all,4.0,N/A
407,Say Yes to the Dress,2007,7+,5.6,N/A
408,Middlemarch,1994,N/A,7.4,N/A
409,Wahlburgers,2014,16+,6.8,N/A
410,Criminal Minds: Suspect Behavior,2011,16+,6.3,42%
411,Apparitions,2008,18+,8.0,N/A
412,Father Knows Best,1954,all,7.4,N/A
413,One Mississippi,2016,18+,7.3,N/A
414,Wycliffe,1994,16+,7.1,N/A
415,The Passing Bells,2014,N/A,6.9,N/A
416,Féminin/Féminin,2014,16+,8.4,N/A
417,Z: The Beginning of Everything,2017,16+,7.2,N/A
418,Island at War,2004,N/A,7.6,N/A
419,I Shouldn't Be Alive,2005,7+,8.0,N/A
420,Buzzfeed Unsolved: Supernatural,2016,N/A,8.7,N/A
421,Emmerdale,1972,7+,4.8,N/A
422,Durham County,2007,18+,7.4,N/A
423,Land of the Lustrous,2017,16+,7.9,N/A
424,Little Women: LA,2014,16+,5.4,N/A
425,Himouto! Umaru-chan,2015,16+,7.0,N/A
426,The Way We Live Now,2001,N/A,7.6,N/A
427,BuzzFeed Unsolved - True Crime,2016,N/A,8.9,N/A
428,Empire Falls,2005,16+,7.3,N/A
429,Empresses In The Palace,2012,7+,8.4,N/A
430,Olympus,2015,16+,6.2,N/A
431,Touching Evil,1997,N/A,7.8,N/A
432,Secrets & Lies,2014,18+,7.5,N/A
433,The Legend of Bruce Lee,2008,N/A,7.0,N/A
434,Paradox,2009,16+,7.1,N/A
435,Little Britain USA,2008,18+,7.6,64%
436,Our Mutual Friend,1998,N/A,8.1,N/A
437,Titanic: Blood and Steel,2012,16+,7.3,N/A
438,Mankind: The Story of All of Us,2012,7+,7.7,N/A
439,The Lowe Files,2017,7+,6.8,60%
440,The Electric Company,1971,all,8.1,N/A
441,Wild at Heart,2006,7+,7.4,N/A
442,The Dust Bowl,2012,7+,8.2,N/A
443,Zoboomafoo,1999,7+,7.5,N/A
444,Quick Draw,2013,N/A,7.6,N/A
445,The Collection,2016,7+,7.1,N/A
446,Teen Mom OG,2009,7+,3.6,N/A
447,That Girl,1966,7+,7.1,N/A
448,Blue Murder,2003,N/A,7.2,N/A
449,Texas Rising,2015,16+,6.7,19%
450,Titanic,2012,16+,6.0,38%
451,Grace Under Fire,1993,7+,6.3,N/A
452,Popular Mechanics for Kids,1997,all,8.4,N/A
453,Dharmakshetra,2014,N/A,7.8,N/A
454,Daniel Tiger's Neighborhood,2012,all,7.4,N/A
455,Rowan & Martin's Laugh-In,1968,7+,8.0,N/A
456,American Playboy: The Hugh Hefner Story,2017,18+,7.5,N/A
457,The Slap,2015,16+,7.6,67%
458,Dilbert,1999,7+,7.3,N/A
459,Princess Tutu,2002,16+,8.1,N/A
460,Jane Eyre,1983,N/A,8.0,N/A
461,Wotakoi: Love is Hard for Otaku,2018,16+,7.6,N/A
462,Grand Blue,2018,18+,7.7,N/A
463,Thriller,1960,N/A,8.2,N/A
464,Pocoyo,2005,all,7.5,N/A
465,Astro Boy,1980,all,7.3,N/A
466,Home and Away,1988,7+,5.0,N/A
467,Touched by an Angel,1994,7+,6.0,N/A
468,Cyberchase,2002,all,6.8,N/A
469,Karakuri Circus,2018,N/A,7.1,N/A
470,Ultimate Force,2002,18+,7.7,N/A
471,The Devil's Whore,2008,N/A,7.1,N/A
472,Renegade,1992,N/A,6.0,N/A
473,Ax Men,2008,7+,5.5,N/A
474,Gordon Ramsay's Ultimate Cookery Course,2012,N/A,8.4,N/A
475,GRAND PRIX Driver,2018,7+,7.7,N/A
476,The Incredible Journey of Mary Bryant,2005,18+,7.4,N/A
477,One Step Beyond,1959,all,7.8,N/A
478,All or Nothing: New Zealand All Blacks,2018,16+,8.3,N/A
479,Clifford the Big Red Dog,2000,all,6.6,N/A
480,Years of Living Dangerously,2014,7+,8.5,N/A
481,The Ray Bradbury Theater,1985,7+,7.5,N/A
482,Srugim,2008,16+,8.4,N/A
483,"Nu, pogodi!",1969,N/A,8.6,N/A
484,Yu-Gi-Oh! Arc-V,2014,7+,6.2,N/A
485,Super Wings!,2015,all,6.2,N/A
486,Legend of Earthsea,2004,N/A,5.8,N/A
487,America's Book of Secrets,2012,7+,7.0,N/A
488,Aristocrats,1999,7+,7.3,N/A
489,7 Deadly Sins,2014,18+,7.1,N/A
490,Cosby,1996,7+,6.4,N/A
491,Rick Steves' Europe,2000,all,8.4,N/A
492,Kavanagh QC,1995,18+,7.5,N/A
493,Street Fighter: Resurrection,2016,16+,6.5,N/A
494,Bramwell,1995,all,8.0,N/A
495,Tales of the Unexpected,1979,N/A,7.7,N/A
496,Secrets of the Dead,2000,7+,7.8,N/A
497,Empress Ki,2013,all,7.7,N/A
498,James May's Man Lab,2010,N/A,7.8,N/A
499,The Island with Bear Grylls,2014,N/A,7.4,N/A
500,Rescue: Special Ops,2009,N/A,7.4,N/A
501,Blue Water High,2005,all,7.0,N/A
502,Petticoat Junction,1963,all,7.0,N/A
503,Charlie Jade,2005,16+,7.2,N/A
504,Tenjho Tenge,2004,18+,7.0,N/A
505,King of the Road,2016,16+,8.9,N/A
506,Westside,2015,N/A,8.0,N/A
507,Meerkat Manor,2005,N/A,8.2,N/A
508,Accidentally on Purpose,2009,7+,6.3,33%
509,On Death Row,2012,7+,8.0,N/A
510,The Magnificent Seven,1998,N/A,7.6,N/A
511,Crisis in Six Scenes,2016,7+,6.6,17%
512,Mike Hammer,1984,7+,6.9,N/A
513,Pingu,1986,all,7.4,N/A
514,The Scholar Who Walks the Night,2015,N/A,7.3,N/A
515,The Twelve Kingdoms,2002,16+,8.1,N/A
516,RahXephon,2002,16+,7.2,N/A
517,The Ruth Rendell Mysteries,1987,16+,6.8,N/A
518,The New Yorker Presents,2016,18+,6.5,86%
519,All or Nothing: Brazil National Team,2020,16+,7.5,N/A
520,Hangar 1: The UFO Files,2015,7+,7.5,N/A
521,Fearless,2017,18+,7.6,N/A
522,Top Shot,2010,7+,7.6,N/A
523,Globe Trekker,2005,all,8.6,N/A
524,The F Word,2005,18+,6.9,N/A
525,Miami Ink,2005,16+,6.5,N/A
526,Whites,2010,18+,7.6,N/A
527,The Man from Snowy River,1994,7+,7.2,N/A
528,The Busy World of Richard Scarry,1994,all,7.4,N/A
529,Bridget & Eamon,2016,16+,7.7,N/A
530,Vietnam in HD,2011,N/A,8.3,N/A
531,Bakugan Battle Brawlers,2007,all,5.4,N/A
532,The Principal,2015,18+,7.5,N/A
533,The Border,2008,7+,6.9,N/A
534,Анна-детективъ,2016,16+,7.8,N/A
535,Russell Peters: Deported,2020,N/A,6.1,N/A
536,Missing,2017,16+,6.2,N/A
537,Captain N and the New Super Mario World,1991,all,6.6,N/A
538,London Irish,2013,N/A,7.6,N/A
539,Gordon's Great Escape,2010,N/A,7.8,N/A
540,Anna Karenina,2017,18+,6.6,63%
541,The Silence,2010,N/A,7.3,N/A
542,Danger Man,1960,7+,7.9,N/A
543,Dinosaur Train,2009,all,6.6,N/A
544,The Cyanide & Happiness Show,2014,16+,8.0,N/A
545,The King 2 Hearts,2012,7+,7.8,N/A
546,Hotel Impossible,2012,7+,7.8,N/A
547,MonsterQuest,2007,7+,7.1,N/A
548,Teen Mom 2,2011,7+,4.3,N/A
549,Ruyi's Royal Love in the Palace,2018,N/A,7.6,N/A
550,This Is Football,2019,16+,8.3,N/A
551,Genius by Stephen Hawking,2016,all,7.7,N/A
552,Yu-Gi-Oh! 5D's,2008,all,6.7,N/A
553,Beowulf: Return to the Shieldlands,2016,7+,5.8,N/A
554,Hamish Macbeth,1995,N/A,7.8,N/A
555,The Hunger,1997,18+,6.3,N/A
556,How We Got to Now,2014,7+,8.6,N/A
557,The Saddle Club,2001,all,6.0,N/A
558,Cold Squad,1998,16+,6.9,N/A
559,After the Rain,2018,18+,7.4,N/A
560,Worth It,2016,N/A,8.6,N/A
561,Ice Pilots NWT,2009,7+,7.5,N/A
562,Total Wipeout,2009,N/A,6.0,N/A
563,The Kindness Diaries,2017,N/A,8.1,N/A
564,Secret Smile,2005,N/A,6.9,N/A
565,Curiosity,2011,16+,7.8,N/A
566,Peter Gunn,1958,N/A,8.0,N/A
567,Land of the Lost,1991,N/A,6.9,N/A
568,Strange Empire,2014,16+,6.4,N/A
569,Anyone But Me,2009,16+,7.1,N/A
570,Just Add Magic: Mystery City,2020,all,7.6,N/A
571,Granblue Fantasy: The Animation,2017,N/A,6.4,N/A
572,The Garfield Show,2009,all,5.3,N/A
573,Killing Bites,2018,18+,6.3,N/A
574,This Giant Beast That Is The Global Economy,2019,16+,7.7,50%
575,Martha Speaks,2008,all,6.7,N/A
576,StarTalk with Neil deGrasse Tyson,2015,all,7.8,N/A
577,"Car 54, Where Are You?",1961,N/A,7.7,N/A
578,Beat,2018,18+,7.4,N/A
579,Little Men,1998,N/A,7.5,N/A
580,The Big Comfy Couch,1993,all,7.1,N/A
581,The First 48 Presents: Homicide Squad Atlanta,2019,16+,8.5,N/A
582,Bobby's World,1990,all,7.3,N/A
583,Moby Dick,1998,7+,6.4,75%
584,Where on Earth is Carmen Sandiego?,1994,7+,7.3,N/A
585,Broken Blade,2014,18+,7.0,N/A
586,Lorena,2019,18+,7.2,N/A
587,Do You Love Your Mom and Her Two-Hit Multi-Target Attacks?,2019,16+,5.2,N/A
588,Tumble Leaf,2013,all,8.7,N/A
589,The Edwardian Country House,2003,N/A,8.3,N/A
590,Captain Scarlet and the Mysterons,1967,all,7.9,N/A
591,My Mother and Other Strangers,2016,16+,7.4,N/A
592,Charlie and Lola,2005,all,6.6,N/A
593,James May's Toy Stories,2009,7+,8.1,N/A
594,Thunderbirds Are Go!,2015,all,6.7,N/A
595,The Brain with Dr. David Eagleman,2015,7+,8.7,N/A
596,Madeline,1993,all,6.9,N/A
597,The Greatest Love,2011,16+,7.9,N/A
598,The Restoration Man,2010,N/A,7.8,N/A
599,Match Game,1973,16+,6.0,N/A
600,Odd Squad,2014,all,6.5,N/A
601,LoliRock,2014,all,7.1,N/A
602,The Blue Rose,2013,N/A,7.0,N/A
603,Monster Rancher,1999,7+,7.1,N/A
604,Gidget,1965,all,6.7,N/A
605,Hitorijime My Hero,2017,N/A,6.9,N/A
606,Secret Agent,1964,N/A,8.2,N/A
607,Here's Lucy,1968,all,6.9,N/A
608,Re:Creators,2017,18+,7.0,N/A
609,Ronja the Robber's Daughter,2014,7+,7.1,N/A
610,The Delivery Man,2015,16+,7.2,N/A
611,Bleak House,1985,N/A,7.4,N/A
612,Le Mans: Racing is Everything,2017,7+,7.4,N/A
613,Bat Masterson,1958,N/A,7.3,N/A
614,The Dangerous Book for Boys,2018,7+,5.9,71%
615,Barney & Friends,1992,all,3.8,N/A
616,Ivanhoe,1997,7+,7.4,N/A
617,Caillou,1998,all,4.1,N/A
618,Superheroes: A Never-Ending Battle,2013,7+,8.2,N/A
619,Dark Knight,2000,13+,5.3,N/A
620,Fetch! with Ruff Ruffman,2006,all,7.5,N/A
621,Peep and the Big Wide World,2004,all,6.9,N/A
622,Raja Rasoi Aur Anya Kahaniyan,2015,N/A,8.8,N/A
623,Yancy Derringer,1958,16+,7.8,N/A
624,Team Umizoomi,2010,all,6.0,N/A
625,The Gumby Show,1955,all,7.0,N/A
626,Moby Dick,2011,18+,6.2,N/A
627,The Real McCoys,1957,N/A,7.5,N/A
628,Continuum,2012,N/A,6.5,N/A
629,Laid,2011,N/A,7.4,N/A
630,Hammer House of Horror,1980,18+,7.7,N/A
631,Strictly Sexual The Series,2011,18+,6.6,N/A
632,Valemont,2009,7+,5.3,N/A
633,Sarazanmai,2019,7+,7.0,N/A
634,Comicstaan,2018,18+,6.8,N/A
635,Harmony with A R Rahman,2018,N/A,9.2,N/A
636,Free to Choose,1980,N/A,9.0,N/A
637,The Straits,2012,N/A,7.4,N/A
638,Amazon,1999,N/A,7.6,N/A
639,Everyday Driver,2017,N/A,9.2,N/A
640,The Cat in the Hat Knows a Lot About That!,2010,all,6.5,N/A
641,Melrose Place,1992,16+,3.4,N/A
642,Acapulco H.E.A.T.,1993,16+,5.9,N/A
643,One Night Stand,1989,18+,8.2,N/A
644,Supermarket Sweep,1990,all,7.3,N/A
645,The Field of Blood,2011,18+,7.3,N/A
646,Grimoire of Zero,2017,16+,7.0,N/A
647,Girls' Last Tour,2017,16+,7.5,N/A
648,10.5: Apocalypse,2006,N/A,4.5,N/A
649,The Tesla Files,2018,N/A,7.3,N/A
650,Witness,2012,N/A,7.9,N/A
651,Moving On,2009,N/A,7.3,N/A
652,Candle in the Tomb,2016,N/A,7.3,N/A
653,Zero Hour,2004,7+,7.9,N/A
654,Elizabeth I,2017,N/A,7.3,N/A
655,Shaktimaan,1997,N/A,8.1,N/A
656,Empire of the Tsars: Romanov Russia with Lucy Worsley,2016,7+,7.6,N/A
657,Great Expectations,1998,18+,7.2,37%
658,The Sea Hunters,2002,all,8.0,N/A
659,Very British Problems,2015,N/A,7.2,N/A
660,Romeo y Julieta,2014,N/A,6.6,N/A
661,Great British Railway Journeys,2010,all,7.9,N/A
662,Gator Boys,2012,N/A,7.0,N/A
663,Everest: Beyond the Limit,2006,7+,8.4,N/A
664,Hole in the Wall,2008,all,3.1,N/A
665,Deltora Quest,2007,all,7.0,N/A
666,UFO Hunters,2008,7+,6.5,N/A
667,Nova ScienceNow,2005,all,8.5,N/A
668,Long Strange Trip,2017,18+,8.2,N/A
669,The Mysterious Play,1995,16+,7.9,N/A
670,Maddigan's Quest,2006,N/A,7.0,N/A
671,Undercover,2016,16+,6.8,75%
672,Lillie,1978,N/A,8.1,N/A
673,Becoming Human,2011,16+,7.3,N/A
674,Jessica,2004,16+,7.6,N/A
675,City of Vice,2008,N/A,7.6,N/A
676,Maggie and the Ferocious Beast,2000,all,6.5,N/A
677,Funny or Die Presents,2010,18+,5.6,100%
678,Sigmund and the Sea Monsters,1973,all,7.0,N/A
679,Budding Prospects,2017,18+,7.3,80%
680,London's Burning,1986,N/A,7.0,N/A
681,Hitoshi Matsumoto Presents Documental,2016,N/A,8.1,N/A
682,Hopalong Cassidy,1952,N/A,7.9,N/A
683,The Last Place on Earth,1985,16+,8.1,N/A
684,Lucky Dog,2013,all,8.6,N/A
685,Space Precinct,1994,N/A,6.6,N/A
686,Bikini Destinations,2003,18+,6.5,N/A
687,Mata Hari,2017,N/A,6.3,N/A
688,Pac-Man and the Ghostly Adventures,2013,7+,4.9,N/A
689,Boundless,2013,N/A,8.6,N/A
690,Booba,2014,all,7.1,N/A
691,Tornado Chasers,2012,N/A,8.0,N/A
692,Blade of the Immortal,2008,16+,6.7,N/A
693,The Time of Our Lives,2013,N/A,7.9,N/A
694,Merlin's Apprentice,2006,16+,5.3,N/A
695,Dystopia,2018,N/A,4.8,N/A
696,Just Because!,2017,7+,6.7,N/A
697,Hoarding: Buried Alive,2010,7+,6.6,N/A
698,The Underground,2006,18+,5.4,N/A
699,Sex Sent Me to the ER,2013,18+,5.4,N/A
700,Einstein,2017,N/A,6.5,N/A
701,William and Mary,2003,N/A,7.6,N/A
702,Inuyashiki Last Hero,2017,N/A,6.6,N/A
703,Pop Team Epic,2018,18+,6.8,N/A
704,The Fabric of the Cosmos,2011,N/A,8.7,N/A
705,All or Nothing: The Michigan Wolverines,2018,N/A,7.5,N/A
706,Geronimo Stilton,2009,all,6.6,N/A
707,Bernard,2006,7+,6.1,N/A
708,Scorned: Love Kills,2012,16+,6.8,N/A
709,Eat the World with Emeril Lagasse,2016,16+,7.9,N/A
710,Prime Suspect: Tennison,2017,16+,7.5,47%
711,Timmy Time,2009,all,7.0,N/A
712,JourneyQuest,2010,N/A,7.9,N/A
713,Life In Squares,2015,N/A,6.5,N/A
714,Go Girls,2009,18+,7.0,N/A
715,Stingray,1964,N/A,7.3,N/A
716,WordWorld,2007,all,6.6,N/A
717,Sensing Murder,2006,N/A,6.1,N/A
718,Fireman Sam,1987,all,6.2,N/A
719,Mamon,2015,N/A,7.4,N/A
720,Peg + Cat,2013,all,7.8,N/A
721,East West 101,2007,18+,7.3,N/A
722,Canimals,2011,all,7.0,N/A
723,American Ripper,2017,16+,6.3,N/A
724,Flipper,1995,N/A,5.4,N/A
725,Fireball XL5,1962,7+,7.4,N/A
726,IRODUKU: The World in Colors,2018,16+,7.3,N/A
727,Felix the Cat,1958,N/A,6.8,N/A
728,Hooked,2015,18+,7.6,N/A
729,Pensacola: Wings of Gold,1997,N/A,6.1,N/A
730,David el gnomo,1988,all,7.4,N/A
731,Tangle,2009,N/A,7.7,N/A
732,R.I.P Files,2008,N/A,7.6,N/A
733,Defenders of the Earth,1986,7+,7.1,N/A
734,Shakespeare Uncovered,2012,N/A,8.5,N/A
735,The Adventures of Maya the Honey Bee,1975,all,6.7,N/A
736,Horrid Henry,2006,7+,6.1,N/A
737,The Adventures of Robin Hood,1955,N/A,7.8,N/A
738,Geeking Out,2016,N/A,7.2,N/A
739,Full Custom Garage,2014,N/A,8.4,N/A
740,Nanny 911,2004,7+,5.4,N/A
741,The Kicks,2015,all,7.0,N/A
742,Shifting Gears with Aaron Kaufman,2018,N/A,5.7,N/A
743,Bat Pat,2016,N/A,N/A,N/A
744,Molang,2015,all,8.4,N/A
745,Yu-Gi-Oh! Zexal,2011,7+,4.9,N/A
746,True Tears,2008,7+,7.3,N/A
747,Step Dave,2014,all,7.5,N/A
748,Gordon Behind Bars,2012,N/A,7.4,N/A
749,Wildest Islands,2012,N/A,8.1,N/A
750,Unscripted,2005,N/A,7.1,N/A
751,Namaste Yoga,2005,N/A,7.4,N/A
752,Sophia,2017,N/A,7.7,N/A
753,Unsealed: Alien Files,2012,N/A,6.6,N/A
754,18 to Life,2010,N/A,6.0,20%
755,The Jury,2002,N/A,7.7,N/A
756,The Brief,2004,N/A,7.3,N/A
757,Green Paradise,2011,all,9.3,N/A
758,Hearts Afire,1992,7+,7.0,50%
759,Lost in Oz,2015,7+,7.7,N/A
760,David Copperfield,1966,all,7.3,N/A
761,Girl/Girl Scene,2010,18+,5.4,N/A
762,La Femme Musketeer,2004,N/A,5.7,N/A
763,Kids Behind Bars: Life or Parole,2019,N/A,6.8,N/A
764,Ocean Mysteries with Jeff Corwin,2011,all,8.2,N/A
765,Dino Dan,2009,all,5.2,N/A
766,Pete the Cat,2017,all,7.5,N/A
767,Lorna Doone,2000,N/A,6.9,N/A
768,1st & Ten,1984,N/A,6.4,N/A
769,Mansfield Park,1983,all,6.7,N/A
770,Beatless,2018,N/A,5.6,N/A
771,Clifford's Puppy Days,2003,all,6.7,N/A
772,The New Adventures of Flash Gordon,1979,7+,7.0,N/A
773,Happy Sugar Life,2018,N/A,6.3,N/A
774,One Mic Stand,2019,N/A,6.6,N/A
775,West Coast Customs,2011,N/A,6.1,N/A
776,Fighter of the Destiny,2017,N/A,7.4,N/A
777,Six Dreams,2018,N/A,7.9,N/A
778,In Justice,2006,N/A,7.3,N/A
779,Fluffy's Food Adventures,2015,7+,6.9,N/A
780,L.A. Heat,1999,N/A,7.3,N/A
781,Meet the Romans with Mary Beard,2012,N/A,7.9,N/A
782,Worricker,2011,N/A,8.9,N/A
783,Pioneers of Television,2008,7+,8.0,N/A
784,GetBackers,2002,16+,7.4,N/A
785,Kannazuki no Miko,2004,16+,6.6,N/A
786,Salvage Hunters,2011,N/A,7.7,N/A
787,Boarding School Juliet,2018,16+,6.8,N/A
788,Rebel,2017,16+,5.2,38%
789,Nature Cat,2015,all,7.1,N/A
790,Til Debt Do Us Part,2005,N/A,7.7,N/A
791,50 Ways To Kill Your Mammy,2014,N/A,8.1,N/A
792,Black Widows,2014,N/A,6.8,N/A
793,Long Shadow,2014,N/A,7.8,N/A
794,The Simple Life,2003,16+,3.8,35%
795,The History of Tom Jones,1997,N/A,7.6,N/A
796,The Roy Rogers Show,1951,N/A,7.2,N/A
797,When We Go to War,2015,16+,7.0,N/A
798,Unsealed: Conspiracy Files,2012,N/A,6.2,N/A
799,The Veil,1958,N/A,7.5,N/A
800,Walking Through History,2013,N/A,8.1,N/A
801,Some Assembly Required,2014,all,3.4,N/A
802,Mother Goose Club,2010,N/A,7.4,N/A
803,Dino Dana,2017,all,6.6,N/A
804,LEGO Friends,2012,all,5.2,N/A
805,The High Fructose Adventures of Annoying Orange,2012,7+,2.0,N/A
806,Alice in Paris,2016,N/A,8.9,N/A
807,Wild Boys,2011,7+,7.0,N/A
808,The Gymkhana Files,2018,N/A,8.0,N/A
809,Raw,2008,N/A,7.2,N/A
810,Crime Investigation Australia,2005,18+,7.9,N/A
811,Strange Events,2017,N/A,4.8,N/A
812,Kratts' Creatures,1996,all,8.1,N/A
813,Homefront,2012,16+,6.4,N/A
814,Most Haunted,2002,N/A,5.0,N/A
815,Charlie's Angels,2011,16+,4.4,N/A
816,Bonekickers,2008,N/A,4.9,N/A
817,Blippi,2016,all,8.1,N/A
818,Swiss Family Robinson,1974,7+,7.0,N/A
819,Plane Resurrection,2016,N/A,7.1,N/A
820,America Divided,2016,16+,3.9,N/A
821,Decoy,1957,N/A,7.9,N/A
822,The Legend of Prince Valiant,1991,all,7.4,N/A
823,The Hive,2010,all,6.8,N/A
824,"Philip Marlowe, Private Eye",1983,N/A,7.9,N/A
825,Toddlers & Tiaras,2009,7+,1.8,N/A
826,Leah Remini: It's All Relative,2014,16+,6.9,N/A
827,Transformers: Combiner Wars,2016,16+,5.5,N/A
828,Spaceballs: The Animated Series,2008,18+,4.3,N/A
829,This Is Personal: The Hunt for the Yorkshire Ripper,2000,N/A,7.7,N/A
830,Date My Dad,2017,all,7.2,N/A
831,Julia and Jacques Cooking at Home,1999,all,8.6,N/A
832,The Pickwick Papers,1985,N/A,7.1,N/A
833,Soviet Storm: WWII in the East,2011,7+,N/A,N/A
834,Shirley Temple's Storybook,1958,N/A,7.6,N/A
835,Tokyo Girl,2016,N/A,8.1,N/A
836,The Occult History of the Third Reich,1990,N/A,7.1,N/A
837,Metropolis,2015,N/A,7.7,N/A
838,Urban Legends,2007,N/A,6.7,N/A
839,The Legend of William Tell,1998,N/A,7.2,N/A
840,Flash Gordon,2007,7+,4.8,15%
841,The Annoying Orange,2009,7+,N/A,N/A
842,"If It's for My Daughter, I'd Even Defeat a Demon Lord",2019,N/A,N/A,N/A
843,The Rebel,1959,N/A,7.8,N/A
844,Princess Principal,2017,18+,7.3,N/A
845,Love and Lies,2017,16+,5.9,N/A
846,Starhunter ReduX,2018,N/A,5.7,N/A
847,Atlantis High,2001,all,7.9,N/A
848,Fury,1955,N/A,7.3,N/A
849,Warrior Women,2003,N/A,8.0,N/A
850,Hoff the Record,2015,16+,6.9,N/A
851,"Kokkoku, Moment by Moment",2018,18+,7.0,N/A
852,Wagner,1983,N/A,7.7,N/A
853,The Pitch,2012,N/A,7.0,N/A
854,Sniffer,2013,N/A,6.6,N/A
855,Ramsay's Best Restaurant,2010,N/A,7.0,N/A
856,Cape Town,2016,16+,6.1,N/A
857,Special A,2008,16+,7.3,N/A
858,Angel's Friends,2009,N/A,7.4,N/A
859,HBO Comedy Half-Hour,1994,7+,8.0,N/A
860,Single and Anxious,2016,N/A,9.2,N/A
861,The Young Turks,2005,16+,5.5,N/A
862,Crime Stories,1999,N/A,7.3,N/A
863,Nurses Who Kill,2016,N/A,5.8,N/A
864,ToddWorld,2004,N/A,6.8,N/A
865,Alexander the Great,2014,7+,6.8,N/A
866,Ancient Inventions,1998,N/A,7.8,N/A
867,Earth to Luna!,2014,all,7.4,N/A
868,All or Nothing: The Dallas Cowboys,2018,18+,7.7,N/A
869,Jayde Adams: Serious Black Jumper,2020,N/A,6.9,N/A
870,Are You Lost?,2019,N/A,6.2,N/A
871,Played,2013,N/A,6.3,N/A
872,The Stinky & Dirty Show,2016,all,7.1,N/A
873,Enemy at the Door,1978,N/A,7.8,N/A
874,Postcards from Buster,2004,all,6.1,N/A
875,An American Girl Story - Melody 1963: Love Has to Win,2016,all,7.6,N/A
876,Westinghouse Studio One,1948,N/A,7.8,N/A
877,Love in a Cold Climate,1980,N/A,7.7,N/A
878,Barter Kings,2012,7+,5.0,N/A
879,Oddbods,2015,7+,6.3,N/A
880,The Casagrandes,2019,N/A,6.5,N/A
881,Yuki Yuna is a Hero,2014,16+,6.6,N/A
882,The Detectives,2015,N/A,7.8,N/A
883,The Naked Archaeologist,2005,N/A,7.3,N/A
884,On the Spot,2014,N/A,8.1,N/A
885,Annedroids,2014,all,6.2,N/A
886,Grand Star,2007,N/A,5.6,N/A
887,Survive This,2009,7+,6.6,N/A
888,Welcome to the Ballroom,2017,16+,7.7,N/A
889,The Manners of Downton Abbey,2015,N/A,7.6,N/A
890,Hitler's bodyguard,2010,7+,7.6,N/A
891,Sea Rescue,2012,all,8.8,N/A
892,Arthur & George,2015,all,5.5,N/A
893,Niko and the Sword of Light,2017,all,7.7,N/A
894,Big Pacific,2017,all,8.4,N/A
895,999: What's Your Emergency?,2012,N/A,7.0,N/A
896,The Kacey Musgraves Christmas Show,2019,N/A,7.2,N/A
897,The Eleven,2017,16+,6.7,N/A
898,No Easy Days,2018,N/A,5.4,N/A
899,Day Zero,2013,N/A,7.0,N/A
900,Wildest Africa,2013,7+,8.1,N/A
901,"Amethyst, Princess of Gemworld",2013,N/A,7.3,N/A
902,Oasis,2017,18+,8.3,N/A
903,Unplanned America,2014,N/A,7.8,N/A
904,那年花開月正圓,2017,7+,7.8,N/A
905,Mr. Lucky,1959,N/A,7.8,N/A
906,Body & Soul,1993,N/A,8.1,N/A
907,Password Plus,1979,all,7.6,N/A
908,Pioneer Quest: A Year in the Real West,2000,N/A,7.2,N/A
909,Thelma's Gypsy Girls,2012,N/A,6.4,N/A
910,Moses the Lawgiver,1975,all,6.0,N/A
911,Drop Kick on my Devil!,2018,N/A,6.4,N/A
912,The Queen,2009,N/A,7.2,N/A
913,Murder on the Internet,2017,N/A,7.2,N/A
914,Switch,2012,N/A,6.7,N/A
915,Rage of Bahamut Virgin Soul,2017,N/A,7.3,N/A
916,El Dorado,2010,N/A,4.7,N/A
917,Londongrad,2015,7+,5.8,N/A
918,A Fortunate Life,1986,7+,7.8,N/A
919,Making It In Music City,2017,N/A,8.2,N/A
920,Battle Castle,2012,N/A,7.8,N/A
921,The Best of the Dean Martin Celebrity Roasts,1974,N/A,N/A,N/A
922,Black Harbour,1996,N/A,7.8,N/A
923,Forensic Factor,2003,18+,7.3,N/A
924,Wild America,1982,all,8.6,N/A
925,Storage Wars: Northern Treasures,2017,18+,5.7,N/A
926,Bad Guy,2010,16+,7.8,N/A
927,Contact,2015,N/A,7.4,N/A
928,Hero: 108,2010,all,5.5,N/A
929,Bizarre ER,2008,N/A,7.5,N/A
930,Samurai Girls,2010,18+,6.5,N/A
931,Chillers,1990,N/A,6.8,N/A
932,Hi-5,1999,all,6.4,N/A
933,Busytown Mysteries,2007,all,6.3,N/A
934,Rob Delaney: Jackie,2020,N/A,6.4,N/A
935,Wild Roses,2009,N/A,6.9,N/A
936,Sergeant Preston of the Yukon,1955,N/A,7.6,N/A
937,Truckers,2013,N/A,6.8,N/A
938,The Danny Thomas Show,1957,all,7.4,N/A
939,Ilana Glazer: The Planet Is Burning,2020,N/A,3.7,N/A
940,Seven Senses of the Re'Union,2018,N/A,4.6,N/A
941,Il giovane Mussolini,1994,18+,5.8,N/A
942,Jack Hunter and the Lost Treasure of Ugarit,2008,7+,4.7,N/A
943,The Vigilantes in Masks,2011,16+,7.8,N/A
944,Ghost Stories,1997,N/A,6.6,N/A
945,Strowlers,2018,N/A,5.3,N/A
946,Liverpool 1,1998,7+,7.0,N/A
947,Amish Mafia,2012,16+,3.0,N/A
948,Tricky Business,2012,N/A,6.2,N/A
949,A Craftsman’s Legacy,2014,all,9.0,N/A
950,Brum,1991,7+,6.2,N/A
951,Animal Mechanicals,2008,all,5.7,N/A
952,My Girlfriend is Shobitch,2017,N/A,N/A,N/A
953,The Broker's Man,1997,N/A,6.5,N/A
954,Ready Jet Go!,2016,all,6.0,N/A
955,Inside Jokes,2018,16+,7.1,N/A
956,America Revealed,2012,N/A,8.0,N/A
957,The Nightmare Worlds of H.G. Wells,2016,N/A,6.0,N/A
958,Ultimate Survival: Everest,2004,N/A,7.3,N/A
959,Inside the Mind of a Serial Killer,2015,N/A,N/A,N/A
960,Real People,1979,N/A,7.1,N/A
961,Tokyo Vampire Hotel,2018,N/A,6.1,63%
962,Mix Master: King of Cards,2005,N/A,7.2,N/A
963,Hollywood Weapons,2017,7+,7.6,N/A
964,Wildest India,2012,N/A,8.1,N/A
965,Inventions That Shook the World,2011,N/A,8.2,N/A
966,Legend of Master Legend,2017,N/A,N/A,73%
967,Horseland,2006,all,5.8,N/A
968,Zack Morris is Trash,2017,N/A,7.8,N/A
969,"Frauen, die Geschichte machten",2013,N/A,7.3,N/A
970,The Karate Kid,1989,N/A,4.9,N/A
971,Colonel March of Scotland Yard,1956,N/A,7.3,N/A
972,A Woman Named Jackie,1991,7+,6.7,N/A
973,Geu-hu,2017,N/A,6.9,N/A
974,Secrets of Archeology,2014,N/A,7.7,N/A
975,Eat. Race. Win.,2018,N/A,7.1,N/A
976,The Buccaneers,1956,N/A,7.6,N/A
977,Women Behind Bars,2008,16+,6.5,N/A
978,The White Guard,2012,N/A,6.2,N/A
979,The Celts,2001,N/A,7.9,N/A
980,Psychic Investigators,2006,7+,7.2,N/A
981,Egypt (1998),1998,N/A,8.3,N/A
982,Judge Faith,2014,7+,7.0,N/A
983,The Swiss Family Robinson,1975,N/A,6.8,N/A
984,Inside the Ambulance,2016,N/A,8.6,N/A
985,World War II The Last Heroes,2011,N/A,8.5,N/A
986,Mary Portas: Secret Shopper,2011,N/A,6.6,N/A
987,Mobile,2007,N/A,7.4,N/A
988,Cool McCool,1966,7+,7.2,N/A
989,Immortal Egypt,2016,N/A,8.0,N/A
990,Stories from the Stone Age,2004,all,8.5,N/A
991,Rome,2012,N/A,5.8,N/A
992,Rudy Maxas World,2008,all,8.0,N/A
993,Renaissance Unchained,2016,N/A,8.2,N/A
994,Pound House,2013,N/A,8.3,N/A
995,Pororo the Little Penguin,2003,all,5.7,N/A
996,Design Squad,2007,all,7.5,N/A
997,Confessions: Animal Hoarding,2010,N/A,7.0,N/A
998,Battlefield Recovery,2016,N/A,6.5,N/A
999,999: Killer on the Line?,2016,N/A,7.4,N/A
1000,Popeye and Son,1987,all,5.7,N/A
1001,Cheetah in August,2015,N/A,6.4,N/A
1002,First Peoples,2015,all,7.9,N/A
1003,Elders React,2012,N/A,5.8,N/A
1004,Tayo the Little Bus,2010,N/A,5.5,N/A
1005,Robot Trains,2017,all,5.4,N/A
1006,Glorious Gardens from Above,2014,N/A,N/A,N/A
1007,Crackanory,2013,N/A,7.1,N/A
1008,Jestination Unknown,2019,16+,6.1,N/A
1009,Creative Galaxy,2013,all,4.9,N/A
1010,Clifford the Big Red Dog,2019,all,6.1,N/A
1011,The Ultimate Civil War Series: 150th Anniversary Edition,2012,N/A,7.7,N/A
1012,Italy's Invisible Cities,2016,N/A,8.1,N/A
1013,If You Give a Mouse a Cookie,2015,7+,6.1,N/A
1014,Unsolved History,2002,N/A,7.0,N/A
1015,Happy Marriage!?,2016,N/A,7.3,N/A
1016,Fast Food Mania,2012,7+,7.7,N/A
1017,Greatest Tank Battles,2010,16+,7.2,N/A
1018,Hot Girl,2016,N/A,6.6,N/A
1019,Beyond,2005,N/A,7.0,N/A
1020,Kids React,2010,N/A,5.0,N/A
1021,Doctor in the House,1969,N/A,7.5,N/A
1022,Killer Wave,2007,16+,4.4,N/A
1023,WWII's Greatest Raids,2014,7+,7.1,N/A
1024,Gotthard,2016,N/A,6.5,N/A
1025,Circus,2010,7+,8.3,N/A
1026,Billion Dollar Wreck,2016,7+,4.7,N/A
1027,Teens React,2011,N/A,5.6,N/A
1028,"Rich Bride, Poor Bride",2006,all,5.9,N/A
1029,The Back Pages,2017,N/A,5.5,N/A
1030,Starhyke,2009,N/A,3.8,N/A
1031,Napoleon: The Campaign of Russia,2014,N/A,7.2,N/A
1032,Baby Talk,1991,all,4.2,N/A
1033,Devil's Brigade,2006,N/A,7.1,N/A
1034,Blockbusters,1980,N/A,7.2,N/A
1035,Hostages of the SS,2015,7+,7.4,N/A
1036,Stacey David's GearZ,2010,all,8.8,N/A
1037,Momo Salon,2014,7+,N/A,N/A
1038,Into the Wild,2014,N/A,8.2,N/A
1039,Xavier Riddle and the Secret Museum,2019,all,7.6,N/A
1040,The Roman Empire in the First Century,2001,N/A,7.5,N/A
1041,Dagger Kiss,2016,N/A,5.3,N/A
1042,Handcrafted America,2016,N/A,8.7,N/A
1043,Fukuyadou Honpo: Kyoto Love Story,2016,N/A,7.8,N/A
1044,Life on the Reef,2015,N/A,8.1,N/A
1045,Great Artists with Tim Marlow,2001,N/A,8.2,N/A
1046,Wildest Indochina,2014,N/A,8.3,N/A
1047,All About Colors,2015,all,N/A,N/A
1048,The Hunt,2014,N/A,6.5,N/A
1049,Morganville: The series,2014,N/A,5.8,N/A
1050,Vatican Miracle Examiner,2017,N/A,6.5,N/A
1051,Foxy Ladies,2016,N/A,5.6,N/A
1052,Onihei,2017,N/A,7.4,N/A
1053,Harts of the West,1993,N/A,7.0,N/A
1054,Lunch Monkeys,2008,N/A,6.4,N/A
1055,Chloe's Closet,2010,all,6.6,N/A
1056,Wildest Latin America,2012,N/A,N/A,N/A
1057,Flint: Redemption,2013,N/A,5.4,N/A
1058,The Snowy Day,2016,all,7.2,N/A
1059,Miami Swat,2009,N/A,7.5,N/A
1060,Honest Ads,2017,N/A,8.2,N/A
1061,The Story of Women and Power,2018,N/A,7.0,N/A
1062,The Bug Diaries,2019,all,5.6,N/A
1063,Roughing It,2002,N/A,7.0,N/A
1064,Knock Knock Ghost,2015,N/A,6.8,N/A
1065,Black Jack,1993,N/A,7.4,N/A
1066,The Sheriffs are Coming,2012,all,6.8,N/A
1067,Danger & Eggs,2017,all,6.6,44%
1068,For the Love of Ray J,2009,N/A,3.3,N/A
1069,Raggs,2006,N/A,N/A,N/A
1070,Pompidou,2015,N/A,4.0,N/A
1071,Little Princess,2007,all,5.7,N/A
1072,The Dog Rescuers,2013,N/A,7.7,N/A
1073,Sworn to Secrecy: Secrets of War,1998,16+,7.4,N/A
1074,LEGO Friends: Girls on a Mission,2018,all,7.0,N/A
1075,Ancient Roads from Christ to Constantine,2015,N/A,8.0,N/A
1076,Judge Roy Bean,1955,N/A,7.3,N/A
1077,"Glenn Martin, DDS",2009,16+,4.1,36%
1078,Pandora's Box,2012,16+,8.5,N/A
1079,YouTubers React,2012,N/A,5.0,N/A
1080,First Civilizations,2018,N/A,6.9,N/A
1081,Mystery Files,2010,all,7.0,N/A
1082,Culture in Decline,2012,N/A,8.4,N/A
1083,The Adventures of Jim Bowie,1956,N/A,7.1,N/A
1084,Project G.e.e.K.e.R.,1996,all,7.5,N/A
1085,Catherine,2013,N/A,7.1,N/A
1086,Nikola Tesla and the End of the World,2015,N/A,5.0,N/A
1087,The Adventures of Kit Carson,1951,N/A,7.4,N/A
1088,Diagnosis: Unknown,2002,N/A,8.5,N/A
1089,The Timeline,2015,N/A,8.2,N/A
1090,Perfect Couple,2014,N/A,8.2,N/A
1091,Islam and the West,2011,all,N/A,N/A
1092,Cosmic Vistas,2009,N/A,8.6,N/A
1093,I Am Innocent,2015,18+,7.2,N/A
1094,Life in the Carolinas,2008,N/A,7.7,N/A
1095,Wild North,2015,N/A,7.3,N/A
1096,Xploration DIY Sci,2016,all,8.8,N/A
1097,Franny's Feet,2004,all,6.2,N/A
1098,LEGO City,2011,all,5.2,N/A
1099,Engineering Giants,2012,N/A,8.4,N/A
1100,Wishenpoof!,2015,all,4.5,N/A
1101,Weird Homes,1998,N/A,7.2,N/A
1102,Tricked,2013,N/A,7.3,N/A
1103,Parents,2012,16+,5.8,N/A
1104,Dangerous Encounters,2005,all,7.1,N/A
1105,Goku Midnight Eye,1989,N/A,6.9,N/A
1106,Private Sales,2016,N/A,5.7,N/A
1107,Outsmarted,2017,N/A,7.9,N/A
1108,Dance Moms: Miami,2012,16+,4.0,N/A
1109,Trail of Tears,1999,all,8.2,N/A
1110,First Footprints,2013,N/A,8.4,N/A
1111,Kemurikusa,2019,all,7.1,N/A
1112,Dusty's Trail,1973,N/A,5.5,N/A
1113,New York Goes to Work,2009,N/A,4.9,N/A
1114,Science And Islam,2009,N/A,8.0,N/A
1115,Closer to Truth,2000,all,8.4,N/A
1116,Jessy & Nessy,2020,all,7.6,N/A
1117,Two Worlds,1998,N/A,6.4,N/A
1118,Queen Victoria's Letters: A Monarch Unveiled,2014,N/A,8.0,N/A
1119,Gangstars,2018,N/A,7.4,N/A
1120,Forensics: You Decide,2009,N/A,7.2,N/A
1121,Money Hungry,2010,16+,6.9,N/A
1122,Brandi and Jarrod: Married to the Job,2014,N/A,4.2,N/A
1123,A Little Snow Fairy Sugar,2001,N/A,7.3,N/A
1124,Sweet Dreams,2011,N/A,N/A,N/A
1125,Тобот,2010,N/A,6.2,N/A
1126,Almost Naked Animals,2011,7+,3.1,N/A
1127,Vroomiz,2012,N/A,4.9,N/A
1128,Empires,2000,all,N/A,N/A
1129,Marco Polo,2007,N/A,6.0,N/A
1130,Mr. & Mrs. North,1952,N/A,7.4,N/A
1131,The Video Game Years,2012,N/A,8.1,N/A
1132,Mario Lopez: Saved By the Baby,2010,N/A,5.2,N/A
1133,Queens,2017,N/A,6.3,N/A
1134,Leo the Wildlife Ranger,2015,N/A,7.0,N/A
1135,Chi's Sweet Adventure,2016,N/A,7.5,N/A
1136,Jackson's Wharf,1999,N/A,6.3,N/A
1137,Infidelity,2011,N/A,6.2,N/A
1138,Hackers of CypherCon,2018,N/A,7.0,N/A
1139,Rob the Robot,2013,N/A,7.7,N/A
1140,Minecraft Villagers,2013,N/A,6.8,N/A
1141,"Lancelot Link, Secret Chimp",1970,N/A,7.5,N/A
1142,Superships,2001,all,8.4,N/A
1143,The Baker and the Beauty,2013,N/A,N/A,N/A
1144,Vials,2017,N/A,N/A,N/A
1145,Shadow Force,2008,16+,7.4,N/A
1146,Makimi,2013,N/A,7.7,N/A
1147,Bali,2006,all,5.5,N/A
1148,Mud Men,2011,7+,N/A,N/A
1149,Enchantimals,2018,N/A,8.7,N/A
1150,Chop Cut Rebuild,2004,N/A,7.9,N/A
1151,Drovers' Gold,1997,N/A,7.6,N/A
1152,The Attackers,2013,N/A,7.1,N/A
1153,Orphen,1998,N/A,6.0,N/A
1154,Time Team America,2009,all,6.5,N/A
1155,Big Easy Motors,2016,7+,6.2,N/A
1156,La La's Full Court Life,2011,16+,6.4,N/A
1157,SciGirls,2010,all,7.2,N/A
1158,The Irish Mob,2016,16+,7.3,N/A
1159,Bookaboo,2016,all,7.8,N/A
1160,Xploration Outer Space,2014,all,7.7,N/A
1161,72 Hours,2013,16+,5.8,N/A
1162,Cosmic Quantum Ray,2009,all,5.7,N/A
1163,Dark Temptations,2014,N/A,5.6,N/A
1164,The Amazing Gayl Pile,2015,N/A,5.1,N/A
1165,Nature's Power Revealed,2008,N/A,9.0,N/A
1166,Lidia's Kitchen,2013,all,7.6,N/A
1167,Deadliest Journeys,2010,7+,7.8,N/A
1168,Ladylike,2016,N/A,5.9,N/A
1169,Grand Tours of Scotland's Lochs,2017,N/A,7.3,N/A
1170,Hot Date,2017,N/A,N/A,N/A
1171,"The Prize - The Epic Quest for Oil, Money and Power",1992,N/A,8.3,N/A
1172,Medieval Dead,2013,N/A,7.4,N/A
1173,Wildest Arctic,2012,N/A,8.3,N/A
1174,Super Skyscrapers,2014,all,7.9,N/A
1175,FBI Takedowns,2015,7+,7.8,N/A
1176,Hey Qween,2018,N/A,5.8,N/A
1177,Vanity,2015,N/A,6.6,N/A
1178,Death Unexplained,2012,N/A,6.9,N/A
1179,Nerve Center,2018,7+,6.5,N/A
1180,NOVA Wonders,2018,all,7.5,N/A
1181,Juan Happy Love Story,2016,N/A,7.4,N/A
1182,Deals from the Dark Side,2011,N/A,6.2,N/A
1183,Haunting: Australia,2014,16+,5.7,N/A
1184,The Z Virus,2017,N/A,2.8,N/A
1185,Qumi-Qumi,2012,N/A,8.0,N/A
1186,The Tube: Going Underground,2016,N/A,8.2,N/A
1187,The Weight of the Nation for Kids,2012,N/A,N/A,N/A
1188,The New V.I.P.'s,2017,N/A,N/A,50%
1189,Death - A Series About Life,2014,N/A,7.7,N/A
1190,Impossible Builds,2018,7+,7.2,N/A
1191,South Beach Classics,2011,N/A,6.0,N/A
1192,Voyage of the Continents,2012,N/A,N/A,N/A
1193,Backroads USA,2013,N/A,7.4,N/A
1194,Life on Fire,2010,N/A,8.3,N/A
1195,Curious Traveler,2015,N/A,7.8,N/A
1196,Crime Inc.,2010,N/A,6.5,N/A
1197,Owlegories,2016,N/A,8.7,N/A
1198,Vinnie Jones' Toughest Cops,2009,N/A,6.9,N/A
1199,Pure Stock,2013,N/A,5.6,N/A
1200,Nightmare in Suburbia,2008,N/A,7.9,N/A
1201,The Worst Thing I Ever Did,2014,16+,5.4,N/A
1202,THURSTON-The Western Web Series,2011,N/A,6.0,N/A
1203,Chef School,2008,N/A,5.9,N/A
1204,Austin Stevens - Adventures,2009,N/A,8.1,N/A
1205,Great Estates Scotland,2014,all,7.4,N/A
1206,Accident Investigator,2005,N/A,7.5,N/A
1207,Delayed Gratification Series,2017,N/A,8.7,N/A
1208,The Crimean War,2018,N/A,7.7,N/A
1209,Strictly Ballet,2014,N/A,6.6,N/A
1210,Boing: The Play Ranger,2015,N/A,7.3,N/A
1211,Cake Walk,2011,N/A,4.4,N/A
1212,Mount Royal,1988,N/A,6.8,N/A
1213,Narco Finance,2015,N/A,7.8,N/A
1214,Makeover Wish,2007,N/A,4.5,N/A
1215,Puppy in My Pocket,2010,N/A,5.9,N/A
1216,Kit ^n^ Kate,2014,N/A,6.6,N/A
1217,Jungle Beat,2014,all,7.2,N/A
1218,"The Vietnam War: Before, During, After",2017,N/A,7.1,N/A
1219,My House of Paranormal,2017,N/A,4.6,N/A
1220,Barbie Dreamtopia,2017,N/A,6.1,N/A
1221,Battlefront,1999,N/A,8.3,N/A
1222,Worth It: Life$tyle,2017,N/A,7.4,N/A
1223,Small Business Revolution: Main Street,2016,N/A,7.7,N/A
1224,The Presidents: From Politics To Power,2014,N/A,6.4,N/A
1225,Ghost Dimension,2016,7+,6.2,N/A
1226,Looped,2016,all,6.3,N/A
1227,Millenniums,2018,N/A,6.2,N/A
1228,Civilisation,2015,N/A,6.4,N/A
1229,The Suspects: True Australian Thrillers,2010,16+,7.9,N/A
1230,Great Greek Myths,2015,N/A,N/A,N/A
1231,Spies Must Die: The Crimea,2008,N/A,6.0,N/A
1232,Beat the Clock,1979,N/A,6.7,N/A
1233,Blue Zoo,2018,N/A,7.9,N/A
1234,Strange Love,2005,N/A,2.3,N/A
1235,Constitution USA with Peter Sagal,2013,N/A,N/A,N/A
1236,Marine Machines,2005,N/A,N/A,N/A
1237,Super Structures of the World,1998,N/A,N/A,N/A
1238,Baby Class First Words And Numbers,2015,N/A,N/A,N/A
1239,Ultimate Journeys,2013,N/A,7.4,N/A
1240,Bake with Anna Olson,2012,all,7.0,N/A
1241,Flying Through Time,2004,all,N/A,N/A
1242,Fashion News Live,2004,N/A,6.2,N/A
1243,Fountain Of Youth,2017,N/A,5.8,N/A
1244,Monster Moves,2005,N/A,6.8,N/A
1245,Miracle Pets,2001,N/A,7.5,N/A
1246,Shark Gordon,2000,N/A,8.2,N/A
1247,Avoiding Apocalypse,2012,N/A,5.6,N/A
1248,Dangerous Waters,2013,N/A,6.8,N/A
1249,Super Ma'am,2017,N/A,6.4,N/A
1250,The Indian Wars: A Change of Worlds,2016,N/A,5.0,N/A
1251,Music & Murder,2016,18+,8.5,N/A
1252,Tainted Dreams,2017,N/A,7.8,N/A
1253,Religions of the World,2015,N/A,5.8,N/A
1254,The Remarkable 20th Century,2004,N/A,7.7,N/A
1255,The Other F Word,2017,N/A,8.0,N/A
1256,David and Olivia? - Naked in Scotland,2018,N/A,N/A,N/A
1257,La Usurpadora,2019,N/A,N/A,N/A
1258,Road Side Stories,2016,N/A,N/A,50%
1259,Fresh Tracks,2016,N/A,8.8,N/A
1260,MegaWorld,2008,all,6.5,N/A
1261,A Desert Between Us and Them,2013,N/A,7.5,N/A
1262,The New Howdy Doody Show,1976,N/A,7.1,N/A
1263,Vipo: Adventures of the Flying Dog,2007,N/A,5.8,N/A
1264,Cam & Leon,2017,N/A,7.2,N/A
1265,Love It or Lose It,2004,N/A,6.0,N/A
1266,Pet Alien,2005,all,5.1,N/A
1267,Could it Be a Miracle,1997,N/A,6.9,N/A
1268,Originalos,2010,N/A,6.7,N/A
1269,Napoleon Hill's Master Key,1954,N/A,5.2,N/A
1270,Power Battle Watch Car,2016,N/A,N/A,N/A
1271,Ghost Cases,2010,N/A,5.2,N/A
1272,WellieWishers,2016,N/A,7.4,N/A
1273,The Urban Vegetarian,2017,N/A,5.3,N/A
1274,Pretty Dangerous,2008,N/A,5.5,N/A
1275,Very Superstitious with George Lopez,2018,N/A,6.8,N/A
1276,Claimed and Shamed,2012,N/A,5.9,N/A
1277,Paranormal Egypt,2008,N/A,3.0,N/A
1278,American Muscle Car,1998,all,6.8,N/A
1279,Kids on the Edge,2016,N/A,6.8,N/A
1280,Ken Burns: American Lives,1997,N/A,N/A,N/A
1281,Ancient Worlds Brought to Life,2008,N/A,6.5,N/A
1282,Hawaii - Inside Paradise,2011,N/A,6.5,N/A
1283,The Hollywood Puppet Show,2017,N/A,5.2,N/A
1284,Hilarious Helmet History,2017,N/A,6.9,N/A
1285,Monster Hunters,2002,N/A,5.0,N/A
1286,How Tech Works,2016,N/A,6.6,N/A
1287,Counting with Paula,2015,N/A,7.0,N/A
1288,Fanny by Gaslight,1981,N/A,6.6,N/A
1289,Mission NinetyTwo,2015,N/A,4.2,N/A
1290,Doctor MacWheelie,2014,N/A,N/A,N/A
1291,War in the Pacific,2017,N/A,6.0,N/A
1292,Engine Masters,2015,N/A,N/A,N/A
1293,Instruments of Death,2012,N/A,8.3,N/A
1294,Extinct,2001,N/A,6.3,N/A
1295,Long Haired Businessmen,2013,N/A,8.0,N/A
1296,Conversations in L.A.,2017,N/A,6.4,N/A
1297,Wrench Wars,2018,N/A,6.1,N/A
1298,History's Verdict,2013,N/A,N/A,N/A
1299,Black in Latin America,2011,N/A,7.6,N/A
1300,Family Travel with Colleen Kelly,2013,N/A,7.8,N/A
1301,About Him: Freshman Year,2017,N/A,N/A,N/A
1302,The Really Big Flip,2017,N/A,5.3,N/A
1303,The Source Series,2014,N/A,6.8,N/A
1304,The Kitchen Job,2008,N/A,7.4,N/A
1305,Christmas Through the Decades,2015,N/A,7.9,N/A
1306,Ground Warfare,2010,N/A,N/A,N/A
1307,Stalkers Who Kill,2016,N/A,3.9,N/A
1308,Mofy,2013,all,7.0,N/A
1309,Ancient Warriors,1994,N/A,6.3,N/A
1310,Behind Tasty,2017,N/A,N/A,N/A
1311,Crusade in Europe,1949,N/A,7.1,N/A
1312,Gown And Out In Beverly Hills,2017,N/A,4.8,N/A
1313,The Story of Furong,2015,N/A,N/A,N/A
1314,Infieles,2009,N/A,N/A,N/A
1315,The Practice (2014),2014,N/A,4.4,N/A
1316,"#MeToo, Now What?",2018,N/A,6.6,N/A
1317,One-Eyed Horse: The Series,2009,N/A,3.7,N/A
1318,Treetop Family - Super Simple,2017,N/A,6.8,N/A
1319,The Underdogs,2010,all,7.3,N/A
1320,Sam's Game,2001,N/A,5.1,N/A
1321,NASA: A Journey Through Space,2016,N/A,5.3,N/A
1322,Murderers and Their Mothers,2016,N/A,5.4,N/A
1323,The American Dream Project,2015,N/A,6.8,N/A
1324,Ritual,2017,N/A,6.7,N/A
1325,The Wheelchair President,2015,N/A,6.4,N/A
1326,Mafia Undercover,2016,N/A,N/A,N/A
1327,Ben Earl: Trick Artist,2013,N/A,5.8,N/A
1328,Hope And Wire,2014,N/A,6.2,N/A
1329,Betsy's Kindergarten Adventures,2008,N/A,4.6,N/A
1330,Crime Scene Solvers,2018,N/A,N/A,N/A
1331,The Prosecutors: In Pursuit Of Justice,2000,N/A,7.5,N/A
1332,Best of BabyFirst Art Music Language And More,2015,N/A,N/A,N/A
1333,Mono Mario,2016,N/A,N/A,N/A
1334,Star April,2017,N/A,6.8,N/A
1335,Basic Colors with BabyFirst,2011,N/A,N/A,N/A
1336,UQ Holder!,2017,N/A,N/A,N/A
1337,MayDay: Air Disaster Investigations,2010,N/A,N/A,N/A
1338,1001 Nights,2006,N/A,N/A,N/A
1339,Ekaterina: The Rise of Catherine the Great,2014,N/A,N/A,N/A
1340,New York Confidential,2017,N/A,8.1,N/A
1341,World's Funniest Moments,2008,N/A,2.9,N/A
1342,Oh Yuck!,2017,N/A,7.5,N/A
1343,It's A Miracle,1998,N/A,N/A,N/A
1344,Wildlife Quest,2016,N/A,6.1,N/A
1345,Teletubbies: Nursery Rhymes,2017,N/A,5.1,N/A
1346,Anna's Wild Life,2011,N/A,8.4,N/A
1347,Mr Swimmer,2018,N/A,7.1,N/A
1348,Julie Nolke,2015,N/A,N/A,N/A
1349,Just For Laughs Gags,2012,N/A,N/A,N/A
1350,Garage Dreams,2016,N/A,N/A,N/A
1351,Mix Master: Final Force,2011,N/A,N/A,N/A
1352,Run,2013,N/A,N/A,N/A
1353,300 Million Years,2015,N/A,N/A,N/A
1354,Academia,2015,N/A,N/A,N/A
1355,Looking for the Hobbit,2014,N/A,N/A,N/A
1356,Iconic Characters,2018,N/A,N/A,N/A
1357,Legend of the Fist: Chen Zhen,2008,N/A,N/A,N/A
1358,Peanuts,1965,N/A,N/A,N/A
1359,Gloriavale,2014,N/A,N/A,N/A
1360,Trinity and Beyond,2018,N/A,N/A,N/A
1361,In Search of Hidden Holy Sites,2013,N/A,N/A,N/A
1362,Room to Improve,2012,N/A,N/A,N/A
1363,0 - 3 Months Baby Development Tutorials by BabyPillars,2017,N/A,N/A,N/A
1364,Gourmet Makes,2018,N/A,N/A,N/A
1365,DNA Detectives,2011,N/A,N/A,N/A
1366,Once upon a Time in Odessa,2011,N/A,N/A,N/A
1367,Africa's Great Civilizations,2017,N/A,N/A,N/A
1368,Rat-A-Tat,2015,N/A,N/A,N/A
1369,Tales of Tatonka,2010,N/A,5.9,N/A
1370,Anthony Bourdain Explains Everything,1970,N/A,N/A,N/A
1371,The GiggleBellies - Monster Truck Learning,2017,N/A,N/A,N/A
1372,Flint,2012,N/A,N/A,N/A
1373,Crimes that Made History,2017,N/A,N/A,N/A
1374,Flowering Heart,2018,N/A,N/A,N/A
1375,Ultimate Wheels,2014,N/A,5.1,N/A
1376,ViR: The Robot Boy,2013,N/A,2.8,N/A
1377,Videofashion! News,2006,N/A,5.6,N/A
1378,Carl's Car Wash - Super Simple,2016,N/A,5.0,N/A
1379,Actually Me,2017,N/A,N/A,N/A
1380,'About Joey',2017,N/A,N/A,N/A
1381,Cut the Rope - Om Nom Stories,2012,N/A,N/A,N/A
1382,Brooklyn Kinda Love,2011,N/A,N/A,N/A
1383,The Most Ridiculous Things From The Walking Dead,2017,N/A,N/A,N/A
1384,5 Facts,2014,N/A,N/A,N/A
1385,Unveiling our 5 Senses,2018,N/A,N/A,N/A
1386,The Chickens,2017,N/A,N/A,N/A
1387,Dates that Made History,2017,N/A,N/A,N/A
1388,Dr. Baby,2011,N/A,N/A,N/A
1389,Dirty Dancing,2017,N/A,N/A,N/A
1390,Project Restoration,2016,N/A,N/A,N/A
1391,Lie Detector Test,2018,N/A,N/A,N/A
1392,Little Big Awesome,2016,N/A,N/A,N/A
1393,DoongDoong,2020,N/A,N/A,N/A
1394,#ThatsHarassment,2018,N/A,N/A,N/A
1395,1Life,2016,N/A,N/A,N/A
1396,The Very Best Of Kristen Bell,2010,N/A,N/A,N/A
1397,Miniforce,2016,N/A,N/A,N/A
1398,Model Diaries,2017,N/A,N/A,N/A
1399,Conquering Southern China,2016,N/A,N/A,N/A
1400,Wendy,2013,7+,N/A,N/A
1401,Dog Dynasty,2016,N/A,N/A,N/A
1402,Wildest Middle East,2015,N/A,N/A,N/A
1403,Betty Boop,1932,all,N/A,N/A
1404,Cleopatra,2018,N/A,N/A,N/A
1405,"YTF: Yesterday, Today, Forever",2012,N/A,N/A,N/A
1406,MegaSpeed,2014,N/A,N/A,N/A
1407,Color Inspirations: Art And Music,2011,N/A,N/A,N/A
1408,Running Man,2016,N/A,N/A,N/A
1409,Puppy Prep,2018,N/A,N/A,N/A
1410,73 Questions Answered By Your Favorite Celebs,2014,N/A,N/A,N/A
1411,Gods & Monsters with Tony Robinson,1901,N/A,N/A,N/A
1412,Fantastic Festivals of the World,2004,N/A,N/A,N/A
1413,True Ghost Stories,2017,N/A,N/A,N/A
1414,Rainbow Horse,2012,N/A,N/A,N/A
1415,Ancient Secrets of the Bible,2006,N/A,N/A,N/A
1416,Police Women,2010,N/A,N/A,N/A
1417,Beginnings,2016,N/A,N/A,N/A
1418,Flash Gordon (1996),1996,N/A,N/A,N/A
1419,No Country for Americans,2016,N/A,N/A,N/A
1420,It's Alive with Brad,2018,N/A,N/A,N/A
1421,Whitney Bjerken Gymnastics Level 9 Competitions,2017,N/A,N/A,N/A
1422,Castle Builders,2015,N/A,N/A,N/A
1423,14 Year Old President of the Smallest Country in the World,2017,N/A,N/A,N/A
1424,Africa from the Ground Up,1999,N/A,N/A,N/A
1425,Dibo the Gift Dragon,2012,N/A,N/A,N/A
1426,City Slickers In Westworld featuring Billy Crystal,2017,N/A,N/A,N/A
1427,Totally Real Movies Coming Soon,2010,N/A,N/A,N/A
1428,ABC Galaxy,2015,N/A,N/A,N/A
1429,NHL Road to the Outdoor Classics,2016,N/A,N/A,N/A
1430,Supersize Structures,2016,N/A,N/A,N/A
1431,The Sweet Spot: A Treasury of Baseball Stories,2016,N/A,N/A,N/A
1432,PRIME JAPAN,2016,N/A,N/A,N/A
1433,Helicopter ER,2016,N/A,N/A,N/A
1434,The Hunting Public,2017,N/A,N/A,N/A
1435,Behind Bars: The World's Toughest Prisons,2016,N/A,N/A,N/A
1436,Blippi - Videos for Kids,2016,N/A,N/A,N/A
1437,Cut the Rope - Coloring Books,2017,N/A,N/A,N/A
1438,Revival Radio TV,2017,N/A,N/A,N/A
1439,Adam & Eve,2016,N/A,N/A,N/A
1440,Can You Even Sport?,2011,N/A,N/A,N/A
1441,Designing Ireland,2015,N/A,N/A,N/A
1442,Beetle Bailey,1963,N/A,N/A,N/A
1443,Corvette Nation,2013,7+,N/A,N/A
1444,Woodwalkers,2017,N/A,N/A,N/A
1445,Aliens and Origins,2018,N/A,N/A,N/A
1446,Empires Of Stone,2010,N/A,N/A,N/A
1447,Awesome Hot Rods,2017,N/A,N/A,N/A
1448,Fluffy Gardens,2007,N/A,N/A,N/A
1449,The Wackiest Works of Tex Avery,1945,N/A,N/A,N/A
1450,Alisa Knows What To Do!,2013,N/A,N/A,N/A
1451,All About My Siblings,2014,N/A,N/A,N/A
1452,Cosmic Kids Yoga Adventures,2012,N/A,N/A,N/A
1453,Tried + True,2017,N/A,N/A,N/A
1454,"Myths, Magic & Monsters",2007,N/A,N/A,N/A
1455,Gamer Next Door,2015,N/A,N/A,N/A
1456,Blake Griffin's Internship,2011,N/A,N/A,N/A
1457,Barn Find Hunter,2016,N/A,N/A,N/A
1458,Best Motorcycle Movies (Biker Documentary Anthology),2017,N/A,N/A,N/A
1459,"Cars, Cops & Criminals",2008,N/A,N/A,N/A
1460,The Lost Tales of Egypt,2018,N/A,N/A,N/A
1461,Siege in Fog,2018,N/A,N/A,N/A
1462,The Adventure Series,2016,N/A,N/A,N/A
1463,Tom the Tow Truck,2016,N/A,N/A,N/A
1464,Handcrafted,2017,N/A,N/A,N/A
1465,Blue City,2015,N/A,N/A,N/A
1466,Lanester,2014,N/A,N/A,N/A
1467,The Korean War,2012,N/A,N/A,N/A
1468,Jesse James Austin Speed Shop,2012,N/A,N/A,N/A
1469,Katsugeki/Touken Ranbu,2017,N/A,N/A,N/A
1470,Wonder Balls,2015,N/A,N/A,N/A
1471,Battlefields of the World Wars,2014,N/A,N/A,N/A
1472,Breaking Homicide,2018,N/A,N/A,N/A
1473,The Notekins,2012,N/A,N/A,N/A
1474,Pinkfong! Baby Shark Special,2017,N/A,N/A,N/A
1475,Origins,2017,N/A,N/A,N/A
1476,Flip Flap,2017,N/A,N/A,N/A
1477,Haunted France,2018,N/A,N/A,N/A
1478,I Love Toy Trains - I Love Big Trains,2005,N/A,N/A,N/A
1479,Always and Forever,2003,N/A,N/A,N/A
1480,Richard E. Grant's 7 Deadly Sins of the Animal Kingdom,2015,N/A,N/A,N/A
1481,The Magical Adventures of Quasimodo,1996,N/A,N/A,N/A
1482,Government Lies,2013,N/A,N/A,N/A
1483,Changelings,2014,N/A,N/A,N/A
1484,Blood and Water,2015,N/A,N/A,N/A
1485,Roomies & Friends,2013,N/A,N/A,N/A
1486,Meditations on Love,2017,N/A,N/A,N/A
1487,Best of Ellen's Scares,2012,N/A,N/A,N/A
1488,Living in the Shadow of WWII,2017,N/A,N/A,N/A
1489,Another Dirty Room,2016,N/A,N/A,N/A
1490,The Queen's Diamond Decades,2013,N/A,N/A,N/A
1491,A Year to Remember,2011,N/A,N/A,N/A
1492,Inside Scotland Yard with Trevor McDonald,2016,N/A,N/A,N/A
1493,Timelines Of Ancient Civilizations: 7-part Series,1990,N/A,N/A,N/A
1494,Bounty Hamster,2003,N/A,N/A,N/A
1495,DIY Destinations Budget Travel Show,2017,N/A,N/A,N/A
1496,The Hotel Barclay,2015,N/A,N/A,N/A
1497,SMOSH Babies,2013,N/A,N/A,N/A
1498,Tasty 101,2016,N/A,N/A,N/A
1499,Monument Men - The Road to Rushmore,2015,N/A,N/A,N/A
1500,A Century of Lionel Legendary Trains,2005,N/A,N/A,N/A
1501,She Is Beautiful,2018,N/A,N/A,N/A
1502,David Hand's Animaland,1948,N/A,N/A,N/A
1503,Onyx Kids,2016,N/A,N/A,N/A
1504,X-Files History,2018,N/A,N/A,N/A
1505,ANGRY ALIENS,2016,N/A,N/A,N/A
1506,Local Hauntings,2018,N/A,N/A,N/A
1507,An Egg's Guide to Minecraft,2012,N/A,N/A,N/A
1508,Building Ireland,2014,N/A,N/A,N/A
1509,BabyFirst Halloween Special,2017,N/A,N/A,N/A
1510,21 Day Transformation,2000,N/A,N/A,N/A
1511,Secrets of Ancient Empires,2001,N/A,N/A,N/A
1512,All Your History Are Belong To Us,2012,N/A,N/A,N/A
1513,Fitness Challenge,2017,N/A,N/A,N/A
1514,America's Monsters,2013,N/A,N/A,N/A
1515,Kids Try,2016,N/A,N/A,N/A
1516,ReCore Video Gameplay,2017,N/A,N/A,N/A
1517,Five Minute Fairy Tales,2017,N/A,N/A,N/A
1518,Grandma's Cats (Are Trying To Kill Her!),2015,N/A,N/A,N/A
1519,Zumba Awesome Legs & Booty System,2014,N/A,N/A,N/A
1520,YaYa & Zouk,2016,N/A,N/A,N/A
1521,Hitler's Holocaust,2001,N/A,N/A,N/A
1522,Open Space,2011,N/A,N/A,N/A
1523,All Men are Brothers,2011,N/A,N/A,N/A
1524,Tales To Get Scared To,2016,N/A,N/A,N/A
1525,Baking with Toddlers,2017,N/A,N/A,N/A
1526,Angels,2017,N/A,N/A,N/A
1527,Delinquent Hamsters,2013,N/A,N/A,N/A
1528,Kailin Gow's The Crazy Ones,2017,N/A,N/A,N/A
1529,Lego Set Builds City - Artifex,2016,N/A,N/A,N/A
1530,Socially Awkward,2017,N/A,N/A,N/A
1531,Lego Pirates of the Caribbean Playthrough,2017,N/A,N/A,N/A
1532,My Little Baby,2016,N/A,N/A,N/A
1533,Try Guys,2017,N/A,N/A,N/A
1534,Classic Cars,2011,N/A,N/A,N/A
1535,True Nordic Crimes,2017,N/A,N/A,N/A
1536,The Story Of British Pathé,2011,N/A,N/A,N/A
1537,Global Child,2017,N/A,N/A,N/A
1538,Lego Set Builds Nexo Knights - Artifex,2016,N/A,N/A,N/A
1539,Let's Fall in Love -《咱们相爱吧》,2018,N/A,N/A,N/A
1540,Wide World of Kids,2013,N/A,N/A,N/A
1541,USWA Memphis Wrestling,1989,N/A,N/A,N/A
1542,Gardens of the World,2007,N/A,N/A,N/A
1543,3 Rabbits,2017,N/A,N/A,N/A
1544,Lost Animals of the 20th Century,1995,N/A,N/A,N/A
1545,F'd,2015,N/A,N/A,N/A
1546,The 101 Events That Made The Twentieth Century,2018,N/A,N/A,N/A
1547,The Bumble Nums,2017,all,N/A,N/A
1548,Oh My General,2017,N/A,N/A,N/A
1549,Did You See That?,2004,N/A,N/A,N/A
1550,LEGO Dimensions Gameplay,2017,N/A,N/A,N/A
1551,FUNnel Vision,2018,N/A,N/A,N/A
1552,Mega Mechanics,2018,N/A,N/A,N/A
1553,Life and Fate,2012,N/A,N/A,N/A
1554,Celtic Myths,2001,N/A,N/A,N/A
1555,The Prince of Han Dynasty 1,2001,N/A,N/A,N/A
1556,Tales of The Wild West,2017,N/A,N/A,N/A
1557,The Weather Files,2018,N/A,N/A,N/A
1558,Hello World,2016,N/A,N/A,N/A
1559,You Sang My Song,2017,N/A,N/A,N/A
1560,South Bend's Lunkerville,2017,N/A,N/A,N/A
1561,Hitler's Propaganda Machine,2017,N/A,N/A,N/A
1562,The Marijuana Show,2016,N/A,N/A,N/A
1563,Museum Diaries,2014,N/A,N/A,N/A
1564,Hotel Sacher,2016,N/A,N/A,N/A
1565,Kings in Grass Castles,1998,N/A,N/A,N/A
1566,Discover Dvorak's 'New World',2018,N/A,N/A,N/A
1567,Chasin the Sun,2017,N/A,N/A,N/A
1568,Trains,2016,N/A,N/A,N/A
1569,Tales of the Unexplained,2004,N/A,N/A,N/A
1570,Dowry,2015,N/A,N/A,N/A
1571,Live at Ronnie Scott's,1984,N/A,N/A,N/A
1572,Health Issues: Alzheimer's,2010,N/A,N/A,N/A
1573,Boystown,2008,N/A,N/A,N/A
1574,The Swim on Science,2018,N/A,N/A,N/A
1575,Behind the Scenes,2010,N/A,N/A,N/A
1576,Shaun Ryder On UFOs,2013,N/A,N/A,N/A
1577,A Fishing Story with Ronnie Green,2017,N/A,N/A,N/A
1578,Lego Set Builds Spongebob Squarepants - Artifex,2017,N/A,N/A,N/A
1579,Wild & Crazy,2008,N/A,N/A,N/A
1580,Inherited Marriage,2010,N/A,N/A,N/A
1581,Inked in Erie,2012,N/A,N/A,N/A
1582,The Crusaders,2005,N/A,N/A,N/A
1583,Supersized,2015,N/A,N/A,N/A
1584,Clip: Adventures of Buttman (Annoying Orange Grand Theft Auto V Gaming),2017,N/A,N/A,N/A
1585,Tomorrow's World,1995,N/A,N/A,N/A
1586,Lego Set Builds Star Wars - Artifex,2016,N/A,N/A,N/A
1587,"Montréal: My Love, My Story",2018,N/A,N/A,N/A
1588,Wild Animal Rescue,2017,N/A,N/A,N/A
1589,Fish Mavericks,2017,N/A,N/A,N/A
1590,BabyFirst's Easter Special,2016,N/A,N/A,N/A
1591,Baby u,2011,N/A,N/A,N/A
1592,Space Adventure Legend Quest,2013,N/A,N/A,N/A
1593,The Winning of World War II: Road to Victory,2014,N/A,N/A,N/A
1594,Video Workbench: The Scale Model Show,2016,N/A,N/A,N/A
1595,Chasing Bigfoot: The Quest For Truth,2016,N/A,N/A,N/A
1596,60 Second Docs,2016,N/A,N/A,N/A
1597,The Rise of Mankind,2018,N/A,N/A,N/A
1598,Casper and Friends,1943,7+,N/A,N/A
1599,Designer Guys,2018,N/A,N/A,N/A
1600,My Prom Makeover,2014,N/A,N/A,N/A
1601,Rampage: Killing Without Reason,2009,N/A,N/A,N/A
1602,The F.B.I. Files Specials,2002,N/A,N/A,N/A
1603,"Gas, Grub, and Ghosts",2017,N/A,N/A,N/A
1604,Eori,2016,N/A,N/A,N/A
1605,Besties,2013,N/A,N/A,N/A
1606,Minecraft Shorts,2014,N/A,N/A,N/A
1607,Can We Cure,2018,N/A,N/A,N/A
1608,Luke Gamble's Vet Adventures,2010,N/A,N/A,N/A
1609,Siyaasat,2015,N/A,N/A,N/A
1610,Lots & Lots of Fire Trucks,2010,N/A,N/A,N/A
1611,My First INBA Fitness Model Competition,2017,N/A,N/A,N/A
1612,Stone Age The Legendary Pet,2018,N/A,N/A,N/A
1613,Dyches Fam 2016,2016,N/A,N/A,N/A
1614,Ghost Stories Of Scotland,2017,N/A,N/A,N/A
1615,Frenemies with Eliza Coupe,2012,N/A,N/A,N/A
1616,Looi,2014,N/A,N/A,N/A
1617,Breakfast with Bevan,2013,N/A,N/A,N/A
1618,Van Der Week,2011,N/A,N/A,N/A
1619,Dr. Qin,2018,N/A,N/A,N/A
1620,RAKUEN The Secret of Paradise,2016,N/A,N/A,N/A
1621,The French Gun,2018,N/A,N/A,N/A
1622,Bogus Beauty,2017,N/A,N/A,N/A
1623,Microsoft Outlook 2016 - Training,2017,N/A,N/A,N/A
1624,Quick Yoga Workouts For Weight Loss & Toning,2018,N/A,N/A,N/A
1625,Pinkfong! Dinosaur Musical Stories,2017,N/A,N/A,N/A
1626,Awesome Video Game Memories,2014,N/A,N/A,N/A
1627,Reading Egg's The Eggsperts,2014,N/A,N/A,N/A
1628,Best Arrangement,2017,N/A,N/A,N/A
1629,Where I'd Rather Be,2017,N/A,N/A,N/A
1630,Television Playhouse,1947,N/A,N/A,N/A
1631,Risk Takers (2007),2007,N/A,N/A,N/A
1632,"I, Caesar: The Rise and Fall of the Roman Empire",1997,N/A,N/A,N/A
1633,Hollywood's 10 Best,2017,N/A,N/A,N/A
1634,The World's Best Chefs - The Toque 12,2013,N/A,N/A,N/A
1635,Chickenwatch,2018,N/A,N/A,N/A
1636,Never Let Me Go,2016,N/A,N/A,N/A
1637,Cream,2017,N/A,N/A,N/A
1638,Amazing Underground Secrets,2012,N/A,N/A,N/A
1639,Image Essence,2013,N/A,N/A,N/A
1640,Underworld Wrestling,2018,N/A,N/A,N/A
1641,My Animal Friends,2018,N/A,N/A,N/A
1642,Double Dare 76 & 77,1977,N/A,N/A,N/A
1643,You Colored My World,2017,N/A,N/A,N/A
1644,Homebuddies,2017,N/A,N/A,N/A
1645,Crazy TV Pranks. Funny Surprises,2013,N/A,N/A,N/A
1646,Easy Living,2010,N/A,N/A,N/A
1647,A Century of Science Fiction,2001,N/A,N/A,N/A
1648,The Evolution of Us,2016,N/A,N/A,N/A
1649,Life of Jesus,2017,N/A,N/A,N/A
1650,The Lost World,2002,N/A,N/A,N/A
1651,Tom The Tow Truck's Paint Shop,2016,N/A,N/A,N/A
1652,Altair: A Record of Battles,2017,N/A,N/A,N/A
1653,Desperate Widows,2016,N/A,N/A,N/A
1654,Lockout,2016,N/A,N/A,N/A
1655,Eating Your Feed,2018,N/A,N/A,N/A
1656,Fish Trails,2013,N/A,N/A,N/A
1657,Mob Squad,2012,N/A,N/A,N/A
1658,Barney Google & Snuffy Smith,1963,N/A,N/A,N/A
1659,Baby Einstein's Holiday Special,2009,N/A,N/A,N/A
1660,Mickey's Farm,2009,N/A,N/A,N/A
1661,Galaxy Racers,2005,N/A,N/A,N/A
1662,Tanks!,2005,N/A,N/A,N/A
1663,The Cardsharp,2013,N/A,N/A,N/A
1664,Christmas in Car City,2017,N/A,N/A,N/A
1665,Where were you? Events that Changed the World,2010,N/A,N/A,N/A
1666,Life on Mar's: The Home Makeover Show,2015,N/A,N/A,N/A
1667,Troy in Train Town,2016,N/A,N/A,N/A
1668,The Toque 12 Master Chefs at The Epicurean Market,2013,N/A,N/A,N/A
1669,"Where There's Blame, There's a Claim",2017,N/A,N/A,N/A
1670,The Poltergeist Diaries,2018,N/A,N/A,N/A
1671,Christianity for Beginners,2016,N/A,N/A,N/A
1672,Kenneth Copeland Ministries,2016,N/A,N/A,N/A
1673,One Thousand and One Nights,2015,N/A,N/A,N/A
1674,Logos Hope - Port Reports,2015,N/A,N/A,N/A
1675,Food Hacks,2017,N/A,N/A,N/A
1676,Eyewitness Weather Disasters,2012,N/A,N/A,N/A
1677,Quark Science,2018,N/A,N/A,N/A
1678,Sea Power,2005,N/A,N/A,N/A
1679,Sketch,2018,N/A,N/A,N/A
1680,Catherine The Great,2015,N/A,N/A,N/A
1681,Celebrity Snackdown,2017,N/A,N/A,N/A
1682,Review: Blind Bags and Surprise Toy Reviews,2017,N/A,N/A,N/A
1683,Serial Killer Culture TV,2017,N/A,N/A,N/A
1684,Mu Guiying Takes Command,2012,N/A,N/A,N/A
1685,History of Westinghouse,1904,N/A,N/A,N/A
1686,Our American Family,2012,N/A,N/A,N/A
1687,Subzero,2018,N/A,N/A,N/A
1688,Mrs. Fitzgerald Is Missing,2018,N/A,N/A,N/A
1689,Deals in the Desert,2018,N/A,N/A,N/A
1690,Zoo Babies,2009,N/A,N/A,N/A
1691,Beyond Invention,2004,N/A,N/A,N/A
1692,In the Dream to Find the Answer,2015,N/A,N/A,N/A
1693,Car Patrol of Car City,2017,N/A,N/A,N/A
1694,Mafia Queens,2018,N/A,N/A,N/A
1695,Drawing PS4 Spider-Man,2018,N/A,N/A,N/A
1696,Backcountry Fly Fishing,2014,N/A,N/A,N/A
1697,The Fish Guyz,2017,N/A,N/A,N/A
1698,America's Untold Journey 450 Years of the African American Experience,2016,N/A,N/A,N/A
1699,The Order of Victory,2016,N/A,N/A,N/A
1700,An Unknown Enemy,2018,N/A,N/A,N/A
1701,Tasty's Made By Hand,2018,N/A,N/A,N/A
1702,How2: How to do Amazing Things! (with Annoying Orange & Pear!),2016,N/A,N/A,N/A
1703,From Beyond,2017,N/A,N/A,N/A
1704,Genius of Nature,2012,N/A,N/A,N/A
1705,Full Body Flexibility Beginners Yoga Workouts - Krystin Scott,2017,N/A,N/A,N/A
1706,HowStuffWorks NOW,2015,N/A,N/A,N/A
1707,Earth Shocks: Our Hyperactive Planet,2007,N/A,N/A,N/A
1708,Space: The New Frontier,1901,N/A,N/A,N/A
1709,For My Love,2017,N/A,N/A,N/A
1710,World War I,2014,N/A,N/A,N/A
1711,World's Best Beaches,2016,N/A,N/A,N/A
1712,True War Stories,2015,N/A,N/A,N/A
1713,Nature Adventures with Terri and Todd,2018,N/A,N/A,N/A
1714,Extreme Constructions,2017,N/A,N/A,N/A
1715,Desperate Love,2012,N/A,N/A,N/A
1716,The Entrepreneurs,2013,N/A,N/A,N/A
1717,Gym Class Science,2015,N/A,N/A,N/A
1718,The Flavors of Italy,2013,N/A,N/A,N/A
1719,Home to Flip,2009,N/A,N/A,N/A
1720,Missy Mila Twisted Tales,2015,N/A,N/A,N/A
1721,The Happy Family Show,2012,N/A,N/A,N/A
1722,Sirenetta & the Second Star,2017,N/A,N/A,N/A
1723,See Deng,2017,N/A,N/A,N/A
1724,The Grind,2016,N/A,N/A,N/A
1725,All the Pizza,2016,N/A,N/A,N/A
1726,Frequency,2012,N/A,N/A,N/A
1727,Royal Watch,2017,N/A,N/A,N/A
1728,Warbirds Over the Trenches,2014,N/A,N/A,N/A
1729,I Am,2014,N/A,N/A,N/A
1730,Pinkfong! Baby Shark & Halloween Songs,2018,N/A,N/A,N/A
1731,Halloween Songs for Kids,2016,N/A,N/A,N/A
1732,Review: Shopkins Shoppies Doll Reviews,2017,N/A,N/A,N/A
1733,Fin Chasers,2017,N/A,N/A,N/A
1734,Episode dated 3 February 1988,1988,N/A,N/A,N/A
1735,Foundations of Freedom with Historian David Barton,2015,N/A,N/A,N/A
1736,The Aces' War,2017,N/A,N/A,N/A
1737,Phil's Morning Drive,2016,N/A,N/A,N/A
1738,Warriors of the Night,1998,N/A,N/A,N/A
1739,The Bacca Chronicles,2015,N/A,N/A,N/A
1740,Clever Cars,2015,N/A,N/A,N/A
1741,The Duke Of Mount Deer,2014,N/A,N/A,N/A
1742,Paranormal Matrix,2017,N/A,N/A,N/A
1743,Uchimura Summers,2016,N/A,N/A,N/A
1744,Killing The Fat Man,2017,N/A,N/A,N/A
1745,The Splendor of Rome,2018,N/A,N/A,N/A
1746,World War II: Total War,2018,N/A,N/A,N/A
1747,The Lifted Life,2017,N/A,N/A,N/A
1748,I Survived Real Estate,2017,N/A,N/A,N/A
1749,Ghost Response - Haunted UK,2018,N/A,N/A,N/A
1750,Irredeemables,2017,N/A,N/A,N/A
1751,Fishing with Gary Senft,2015,N/A,N/A,N/A
1752,K2: The Italian Mountain,2012,N/A,N/A,N/A
1753,WIRED's Autocomplete Interviews,2016,N/A,N/A,N/A
1754,Snowdonia 1890,2010,N/A,N/A,N/A
1755,Popeye: The Continuing Adventures,1978,N/A,N/A,N/A
1756,Inside Series,2011,N/A,N/A,N/A
1757,Brand New House On a Budget,2014,N/A,N/A,N/A
1758,The Lazy Chef,2015,N/A,N/A,N/A
1759,Planet Wild,2007,N/A,N/A,N/A
1760,Inside Hitler's Killing Machine,2016,N/A,N/A,N/A
1761,Rudy Maxa's Travel,2001,N/A,N/A,N/A
1762,Getting Doug with High,2017,N/A,N/A,N/A
1763,PRIDE: The Series,2016,N/A,N/A,N/A
1764,Nature's Treasure Islands,2014,N/A,N/A,N/A
1765,Saving Ghosts,2018,N/A,N/A,N/A
1766,Asias Monarchies,2010,N/A,N/A,N/A
1767,Review: Gun Stock Reviews,2017,N/A,N/A,N/A
1768,Holy Wars,2004,N/A,N/A,N/A
1769,Car Patrol: The Adventures of Matt the Police Car and Frank the Firetruck,2016,N/A,N/A,N/A
1770,Road to the Games 2016,2016,N/A,N/A,N/A
1771,My Dream Derelict Home,2014,N/A,N/A,N/A
1772,Concepto de Vida Plena,2016,N/A,N/A,N/A
1773,Waterways: The Royal Canal,2013,N/A,N/A,N/A
1774,Lifers: Behind Bars,2017,N/A,N/A,N/A
1775,Dream Wedding Design,2016,N/A,N/A,N/A
1776,Monster Town,2018,N/A,N/A,N/A
1777,Curious?,2017,N/A,N/A,N/A
1778,Kingdoms of Sumeria,2018,N/A,N/A,N/A
1779,Blue Realm,2017,N/A,N/A,N/A
1780,Clip: Lego Jurassic World Video Game Walkthrough,2017,N/A,N/A,N/A
1781,Philipp Shorts,1998,N/A,N/A,N/A
1782,Babies in Car City,2017,N/A,N/A,N/A
1783,Ty the Pie Guy,2016,N/A,N/A,N/A
1784,The Contract Terms,2011,N/A,N/A,N/A
1785,The Fall and Rise of Britain's Railways,2008,N/A,N/A,N/A
1786,Reelin' in the Keys,2017,N/A,N/A,N/A
1787,Learn with Ethan The Dump Truck,2016,N/A,N/A,N/A
1788,Take On The World Conference 2017,2017,N/A,N/A,N/A
1789,Talks at GS,2017,N/A,N/A,N/A
1790,How Does That Work?,2001,N/A,N/A,N/A
1791,ER Doctors,2017,N/A,N/A,N/A
1792,Baby Talk,2017,N/A,N/A,N/A
1793,Sex & the Single Lady,2018,N/A,N/A,N/A
1794,The Paranormal Police Exposed,2016,N/A,N/A,N/A
1795,Nursery Rhymes Time,2017,N/A,N/A,N/A
1796,Bubbles Of Fun With Bloop And Loop,2012,N/A,N/A,N/A
1797,This Is Your Brain & Body When...,2016,N/A,N/A,N/A
1798,Fred Dinenage Murder Casebook,2010,N/A,N/A,N/A
1799,This Is My City,2013,N/A,N/A,N/A
1800,Classic Popeye,1960,N/A,N/A,N/A
1801,The Wild Life,2014,N/A,N/A,N/A
1802,OMG!,2016,N/A,N/A,N/A
1803,Pro-Semitism with Elon Gold,2011,N/A,N/A,N/A
1804,Flannery's Porch,2016,N/A,N/A,N/A
1805,Decoding The Ancients,2010,N/A,N/A,N/A
1806,Dark Ditties Presents,2017,N/A,N/A,N/A
1807,Railway Roundup,2010,N/A,N/A,N/A
1808,Master Lin in Seoul,2012,N/A,N/A,N/A
1809,Learning with Lizzy the Dog!,2015,N/A,N/A,N/A
1810,Alba's Cuban Kitchen,2017,N/A,N/A,N/A
1811,Luxury Travel Show,2018,N/A,N/A,N/A
1812,How to Hunt with Ryan Kohler,2018,N/A,N/A,N/A
1813,Hop Up TV,2016,N/A,N/A,N/A
1814,Treasure Islands,2013,N/A,N/A,N/A
1815,Men with Sword 2,2016,N/A,N/A,N/A
1816,Heart to Heart,2015,N/A,N/A,N/A
1817,The History Of Ford Trucks,2016,N/A,N/A,N/A
1818,Gugu,1950,N/A,N/A,N/A
1819,Minecraft Life,2017,N/A,N/A,N/A
1820,Tanlines,2011,N/A,N/A,N/A
1821,Treasure Houses of Britain,2011,N/A,N/A,N/A
1822,Tales of the Living Dead,2000,N/A,N/A,N/A
1823,"Miracle of Faith: 2,000 Years of Christianity in the Holy Land",2000,N/A,N/A,N/A
1824,Kintoons,2018,N/A,N/A,N/A
1825,"Cars, Cars",2017,N/A,N/A,N/A
1826,Architects of Darkness,2014,N/A,N/A,N/A
1827,Card Sharks 86,1986,N/A,N/A,N/A
1828,US Bounty Hunters,2014,N/A,N/A,N/A
1829,Spectre Analysis,2017,N/A,N/A,N/A
1830,"Yoga For Back Pain, Neck Pain & Stress Relief - Lindsey Samper",2017,N/A,N/A,N/A
1831,"I Draw, You Cook",2018,N/A,N/A,N/A
1832,Ruining History,2017,N/A,N/A,N/A
1833,Two Legends,2014,N/A,N/A,N/A
1834,Nori - Rollercoaster Boy,2017,N/A,N/A,N/A
1835,Innovations of War,2015,N/A,N/A,N/A
1836,On The Bank,2017,N/A,N/A,N/A
1837,"Monsters, Madness and Mayhem",2003,N/A,N/A,N/A
1838,Mom In Progress,2018,N/A,N/A,N/A
1839,Wolfpack,2013,N/A,N/A,N/A
1840,Jelly Jam,2011,N/A,N/A,N/A
1841,NTParanormal After Dark,2018,N/A,N/A,N/A
1842,Nordic Road Trip 2018,2018,N/A,N/A,N/A
1843,Hitler's Lost Battles,2017,N/A,N/A,N/A
1844,Weird & Dangerous,2006,N/A,N/A,N/A
1845,Hitler In His Own Words,2002,N/A,N/A,N/A
1846,Fraud Squad TV,2007,N/A,N/A,N/A
1847,Pinkfong! Bedtime Lullabies,2015,N/A,N/A,N/A
1848,Armed Love,2013,N/A,N/A,N/A
1849,The Cupcake Girls,2010,N/A,N/A,N/A
1850,The Crack!,2011,N/A,N/A,N/A
1851,Air Wars,2000,N/A,N/A,N/A
1852,History's Biggest Secrets,2013,N/A,N/A,N/A
1853,Game Changers,2012,N/A,N/A,N/A
1854,Feed Famous,2018,N/A,N/A,N/A
1855,Human Nature,2013,N/A,N/A,N/A
1856,I've Got a Secret,1961,N/A,N/A,N/A
1857,Jump Start Your Photography,2011,N/A,N/A,N/A
1858,Kickstart or Die,2013,N/A,N/A,N/A
1859,Lego Set Builds Bionicle - Artifex,2016,N/A,N/A,N/A
1860,Seeking My Own Fortune,2013,N/A,N/A,N/A
1861,The Big Flip,2009,N/A,N/A,N/A
1862,The Family Blend!,2016,N/A,N/A,N/A
1863,Jimmy Blue Shorts,2014,N/A,N/A,N/A
1864,Midwest Speed and Power,2015,N/A,N/A,N/A
1865,Victorious Living with Kenneth Copeland,2016,N/A,N/A,N/A
1866,Minecraft Survival with Brick Show Brian!,2016,N/A,N/A,N/A
1867,Nursery Rhymes For Babies and Toddlers,2017,N/A,N/A,N/A
1868,Eat Yourself Sexy,2009,N/A,N/A,N/A
1869,The Complete History of the Second World War,2017,N/A,N/A,N/A
1870,What's Up In Space: The Solar System For Kids Series,2010,N/A,N/A,N/A
1871,I Declare War: The Series,2016,N/A,N/A,N/A
1872,The Bomber: Behind Nazi Lines,2012,N/A,N/A,N/A
1873,Iria: Zeiram The Bounty Hunter,1994,N/A,N/A,N/A
1874,Travel Beside Me,2016,N/A,N/A,N/A
1875,Fireball Run Adventurally,2017,N/A,N/A,N/A
1876,Forza Horizon 3 Gameplay,2017,N/A,N/A,N/A
1877,Tea Time with Tayla,2011,N/A,N/A,N/A
1878,The Governor,2016,N/A,N/A,N/A
1879,Aprender con los Mini Constructores,2016,N/A,N/A,N/A
1880,Dark Forest,2015,N/A,N/A,N/A
1881,Unlock the unknown,2017,N/A,N/A,N/A
1882,The Golden Age of Toy Trains,2012,N/A,N/A,N/A
1883,Cosmic Journeys,2009,N/A,N/A,N/A
1884,Aerial Adventures,2010,N/A,N/A,N/A
1885,The Wounded Heart,2016,N/A,N/A,N/A
1886,Esovision Relaxation,2007,N/A,N/A,N/A
1887,B-Boys: A History of Breakdance,2015,N/A,N/A,N/A
1888,Tasting Our Roots,2017,N/A,N/A,N/A
1889,Clip: Lego Set Builds Minifgures - Artifex,2016,N/A,N/A,N/A
1890,The Flavors of France,2013,N/A,N/A,N/A
1891,Yoga Class for Beginners with Irini Res,2017,N/A,N/A,N/A
1892,Last Thing On My Phone,2016,N/A,N/A,N/A
1893,Finding the Future,2017,N/A,N/A,N/A
1894,Kung Food,2011,N/A,N/A,N/A
1895,Shamwari: A Wild Life,2017,N/A,N/A,N/A
1896,The Kingdom and End Times,2016,N/A,N/A,N/A
1897,The GCN Show,2016,N/A,N/A,N/A
1898,Dinosaur Britain,2015,N/A,N/A,N/A
1899,Freud`s Method,2012,N/A,N/A,N/A
1900,Beyond The Grave,2017,N/A,N/A,N/A
1901,Raised Hunting,2015,N/A,N/A,N/A
1902,Invisivle TOKYO,2016,N/A,N/A,N/A
1903,"Review: Build A Bear, Tsum Tsum and Disney Plushie Toy Reviews",2017,N/A,N/A,N/A
1904,BigDo2 - Random Hair,2016,N/A,N/A,N/A
1905,On The Spot,2017,N/A,N/A,N/A
1906,Which Die Is That Again?,2016,N/A,N/A,N/A
1907,Spring 1986 TV Line-Up,2012,N/A,N/A,N/A
1908,Full Disclosure,2015,N/A,N/A,N/A
1909,Barely Beer Barons,2017,N/A,N/A,N/A
1910,Amber the Ambulance,2017,N/A,N/A,N/A
1911,Leo the Truck,2015,N/A,N/A,N/A
1912,Hidden Agenda - Real Conspiracies that Affect Our Lives Today,2017,N/A,N/A,N/A
1913,Gringos,2017,N/A,N/A,N/A
1914,Paper Mario Color Splash Playthrough,2016,N/A,N/A,N/A
1915,"Abu, The Little Dinosaur",2015,N/A,N/A,N/A
1916,Yoga With AJ,2018,N/A,N/A,N/A
1917,Simple Living With Wanda Urbanska,2004,N/A,N/A,N/A
1918,Struggle Meals,2017,N/A,N/A,N/A
1919,Review: Mega Construx Dinotrux Reviews,2017,N/A,N/A,N/A
1920,Tanks aren't afraid of mud,2009,N/A,N/A,N/A
1921,Analyse,2017,N/A,N/A,N/A
1922,Pinkfong! Body Songs,2017,N/A,N/A,N/A
1923,Spid the racing car,2016,N/A,N/A,N/A
1924,Love Tribulations,2009,N/A,N/A,N/A
1925,Inside Things,2017,N/A,N/A,N/A
1926,Egotastic FunTime!,2017,N/A,N/A,N/A
1927,Everyday Elevated With Sharone Hakman,2017,N/A,N/A,N/A
1928,The Union Series,2016,N/A,N/A,N/A
1929,Animal Favorites,2002,N/A,N/A,N/A
1930,Great Taste No Money,2017,N/A,N/A,N/A
1931,Gangland Killers,2014,N/A,N/A,N/A
1932,America Unveiled,2018,N/A,N/A,N/A
1933,Have Steam Engine Will Travel,2013,N/A,N/A,N/A
1934,Graham Kerr's Kitchen,1992,N/A,N/A,N/A
1935,Hardly Working,2008,N/A,N/A,N/A
1936,Bryanboy Goes to College,2014,N/A,N/A,N/A
1937,Lucas el Camioncito,2016,N/A,N/A,N/A
1938,Backline,2017,N/A,N/A,N/A
1939,GayTerns,2016,N/A,N/A,N/A
1940,Wedding Season,2017,N/A,N/A,N/A
1941,The Hunters Club,2014,N/A,N/A,N/A
1942,Astrid Strudelman The Unicorn Whisperer,2014,N/A,N/A,N/A
1943,Death Row,2016,N/A,N/A,N/A
1944,Bobby Ashley's Repercussions,2014,N/A,N/A,N/A
1945,Snapshots,2016,N/A,N/A,N/A
1946,Minecraft - Survival Madness Adventures,2016,N/A,N/A,N/A
1947,Dombey and Son,1983,N/A,N/A,N/A
1948,Lego Set Builds Chima - Artifex,2017,N/A,N/A,N/A
1949,Fishstick & Honeybear,2014,N/A,N/A,N/A
1950,Inside Joke with Asif Ali,2018,N/A,N/A,N/A
1951,Livin' 'Neath The Law with Jack McBrayer,2007,N/A,N/A,N/A
1952,"Review: Cool Collectibles Dolls, Toys and Vinyl Figures Reviews",2017,N/A,N/A,N/A
1953,Review: Disney Toy Review,2017,N/A,N/A,N/A
1954,Haus of Schreck,2018,N/A,N/A,N/A
1955,Human Prey,2008,N/A,N/A,N/A
1956,Saving the Ocean with Carl Safina,2012,N/A,N/A,N/A
1957,Under The Sea: The Great Barrier Reef,2017,N/A,N/A,N/A
1958,Under Correction,2016,N/A,N/A,N/A
1959,Strange Curiosity,2016,N/A,N/A,N/A
1960,Junk Drawer Magic,2015,N/A,N/A,N/A
1961,Super Mario 64 Playthrough,2017,N/A,N/A,N/A
1962,End of the Big Cats,2012,N/A,N/A,N/A
1963,Pinkfing! Time Songs,2017,N/A,N/A,N/A
1964,The Red Booth,2017,N/A,N/A,N/A
1965,World Changers Television,2017,N/A,N/A,N/A
1966,Video Wallpaper,2017,N/A,N/A,N/A
1967,Geometry,2017,N/A,N/A,N/A
1968,Microsoft Excel 2016 - Training,2016,N/A,N/A,N/A
1969,Dream Town,2015,N/A,N/A,N/A
1970,Watch Around the Clock B&W,2017,N/A,N/A,N/A
1971,Tiny Trucks,2018,N/A,N/A,N/A
1972,Crew,1970,N/A,N/A,N/A
1973,Space Mistakes,2016,N/A,N/A,N/A
1974,Whirlpool of Other People's Wishes,2013,N/A,N/A,N/A
1975,Morning Glory,2013,N/A,N/A,N/A
1976,Fifi: Cat Therapist,2014,N/A,N/A,N/A
1977,Space Curiosities,2017,N/A,N/A,N/A
1978,Super Supers: No Fan of the Ban,2017,N/A,N/A,N/A
1979,Review: Pullip Doll Reviews,2017,N/A,N/A,N/A
1980,Solo Hntr,2013,N/A,N/A,N/A
1981,Happy Bear Kid Andrea,2016,N/A,N/A,N/A
1982,Operation Maneater,2014,N/A,N/A,N/A
1983,Jenise's Kitchen,2017,N/A,N/A,N/A
1984,Faaail!,2016,N/A,N/A,N/A
1985,Impossible Peace,2017,N/A,N/A,N/A
1986,Finley's Factory - Super Simple,2016,N/A,N/A,N/A
1987,Moving Machines For Kids,2017,N/A,N/A,N/A
1988,II Corinthians for Beginners,2018,N/A,N/A,N/A
1989,High Blood Pressure,2016,N/A,N/A,N/A
1990,Walks Around Britain,2016,N/A,N/A,N/A
1991,Rubi,2012,N/A,N/A,N/A
1992,Stagrassle Paranormal,2017,N/A,N/A,N/A
1993,Pinkfong! Puppet Show,2017,N/A,N/A,N/A
1994,Silver Kings,2017,N/A,N/A,N/A
1995,Travel the Road,2016,N/A,N/A,N/A
1996,Learn with Ted The Train,2016,N/A,N/A,N/A
1997,Ghosts of The Caribbean,2017,N/A,N/A,N/A
1998,Price Points,2017,N/A,N/A,N/A
1999,The Best Markets On Earth,2017,N/A,N/A,N/A
2000,Working 24 Hours At...,2015,N/A,N/A,N/A
2001,Out of Office with Brent Rose,2015,N/A,N/A,N/A
2002,I Pranked My Parents,2014,N/A,N/A,N/A
2003,Albert & Junior,2011,N/A,N/A,N/A
2004,House Hazards,2012,N/A,N/A,N/A
2005,Tours of Mexico,1970,N/A,N/A,N/A
2006,PINKFONG!,2017,N/A,N/A,N/A
2007,Tesla Road Trip,2017,N/A,N/A,N/A
2008,Best Laid Plans,2010,N/A,N/A,N/A
2009,Asia's Underworld,2012,N/A,N/A,N/A
2010,I'm a Creepy Crawly,2018,N/A,N/A,N/A
2011,Mike & Eric,2017,N/A,N/A,N/A
2012,Smoke & Steam,1990,N/A,N/A,N/A
2013,Road Kings,2016,N/A,N/A,N/A
2014,The Ridge: Origins,2016,N/A,N/A,N/A
2015,Lego Set Builds Minecraft - Artifex,2017,N/A,N/A,N/A
2016,World War II Diaries - The Complete War Report,2017,N/A,N/A,N/A
2017,Tales of Morrissa,2017,N/A,N/A,N/A
2018,Day of The Gun - The Series,2018,N/A,N/A,N/A
2019,Nordic Wild,2011,N/A,N/A,N/A
2020,Spacefiles,2004,N/A,N/A,N/A
2021,Caribbean Thunder,2011,N/A,N/A,N/A
2022,Private Jets Revealed,2004,N/A,N/A,N/A
2023,Life Beyond Earth,2018,N/A,N/A,N/A
2024,SharkBites TV,2017,N/A,N/A,N/A
2025,Uncaged: The Animated Series,2017,N/A,N/A,N/A
2026,Tears of Happiness,2008,N/A,N/A,N/A
2027,Philemon for Beginners,2018,N/A,N/A,N/A
2028,Board AF,2016,N/A,N/A,N/A
2029,Gold War,2016,N/A,N/A,N/A
2030,First Games With Sammy And Eve,2015,N/A,N/A,N/A
2031,Tank Biathlon,2017,N/A,N/A,N/A
2032,Something Shady,2017,N/A,N/A,N/A
2033,Halloween of Car City,2018,N/A,N/A,N/A
2034,Pet Medics: New Zealand,2016,N/A,N/A,N/A
2035,Addy Media,2018,N/A,N/A,N/A
2036,Memorization: The Art of The Technique,2017,N/A,N/A,N/A
2037,Kongsuni & Friends,2018,N/A,N/A,N/A
2038,Please Tell Me I'm Adopted!,2017,N/A,N/A,N/A
2039,Car Collectors,2013,N/A,N/A,N/A
2040,Pinkfong! Healthy Habit Songs,2017,N/A,N/A,N/A
2041,Chasing November,2016,N/A,N/A,N/A
2042,Operation Shadow,2017,N/A,N/A,N/A
2043,Codebreakers: Science of Secrecy,2015,N/A,N/A,N/A
2044,The Special Needs Hotel,2015,N/A,N/A,N/A
2045,Evil Knows!,2016,N/A,N/A,N/A
2046,Pinkfong! Princess Songs,2017,N/A,N/A,N/A
2047,Technological Marvels of the Ancient World,2003,N/A,N/A,N/A
2048,CBD Hemp Oil,2015,N/A,N/A,N/A
2049,Love In Han Yuan,2018,N/A,N/A,N/A
2050,The Laura Show,2017,N/A,N/A,N/A
2051,Second War Diary - The War Day by Day,2014,N/A,N/A,N/A
2052,Warning Men Thinking,2015,N/A,N/A,N/A
2053,Game Bang,2013,N/A,N/A,N/A
2054,Switzerland's Amazing Train Rides,2014,N/A,N/A,N/A
2055,"Mysteries, Magic and Miracles",1994,N/A,N/A,N/A
2056,Dinosaur Hunters,2010,N/A,N/A,N/A
2057,Top 30 Wonderful Rhymes,2013,N/A,N/A,N/A
2058,The War at Sea,2015,N/A,N/A,N/A
2059,Fonko: Contemporary Africa Through Its Urban Music,2017,N/A,N/A,N/A
2060,Kailin Gow's Go Girl,2016,N/A,N/A,N/A
2061,Countdown to Victory: World War II - The Ultimate Timeline,2009,N/A,N/A,N/A
2062,Legends of Power with Tony Robinson,2003,N/A,N/A,N/A
2063,SAS Rogue Warriors,2017,N/A,N/A,N/A
2064,Roblox Funny Moments (PairOfDucks),2017,N/A,N/A,N/A
2065,Bana: Heart of Darkness,2017,N/A,N/A,N/A
2066,Laver Cup 2018,2018,N/A,N/A,N/A
2067,Mister French Taste,2012,N/A,N/A,N/A
2068,We`ll Talk When You Get Back,2015,N/A,N/A,N/A
2069,Uppercut for Hitler,2016,N/A,N/A,N/A
2070,Local Knowledge,2017,N/A,N/A,N/A
2071,Bigger Questions,2017,N/A,N/A,N/A
2072,Night In/Night Out,2018,N/A,N/A,N/A
2073,Premier Guitar Rig Rundown,2016,N/A,N/A,N/A
2074,Deep Rest: Guided Meditations with Christine Wushke,2017,N/A,N/A,N/A
2075,The Coeds,2015,N/A,N/A,N/A
2076,Troy The Train of Car City,2016,N/A,N/A,N/A
2077,Field of Stars,2017,N/A,N/A,N/A
2078,S.O.S! Winter,2003,N/A,N/A,N/A
2079,Logan's Adventures,2015,N/A,N/A,N/A
2080,Legend Hunters,2006,N/A,N/A,N/A
2081,Learning with Vehicles,2015,N/A,N/A,N/A
2082,The Past Is Yet To Come,2016,N/A,N/A,N/A
2083,The Romanovs,2013,N/A,N/A,N/A
2084,Sawyer Sessions,2015,N/A,N/A,N/A
2085,Pinkfong! Animal Songs,2017,N/A,N/A,N/A
2086,Love in Memory,2013,N/A,N/A,N/A
2087,Piux XII,2017,N/A,N/A,N/A
2088,Speaker Meeting,2017,N/A,N/A,N/A
2089,State Parole,2008,N/A,N/A,N/A
2090,Grace for Beginners,2014,N/A,N/A,N/A
2091,Dermot Bannon's Luxury Homes,2018,N/A,N/A,N/A
2092,Rommel,2003,N/A,N/A,N/A
2093,Tatiana's Night,2015,N/A,N/A,N/A
2094,Chronicle Of Love,2015,N/A,N/A,N/A
2095,Cosmo Queens,2017,N/A,N/A,N/A
2096,Dino The Dinosaur,2018,N/A,N/A,N/A
2097,Pinkfong! Christmas Carols,2016,N/A,N/A,N/A
2098,Drunken Movie Geeks,2017,N/A,N/A,N/A
2099,pocket.watch Challenge Squad,2018,N/A,N/A,N/A
2100,Lucas the Monster Truck,2016,N/A,N/A,N/A
2101,Rivers of Our Time,2009,N/A,N/A,N/A
2102,Python for Everybody,2016,N/A,N/A,N/A
2103,Partners in Crime,2011,N/A,N/A,N/A
2104,Carl Transform of Car City,2016,N/A,N/A,N/A
2105,Troy el Tren en Auto City,2016,N/A,N/A,N/A
2106,Learning Shapes and Colours in Creative Lesson - Education Video for Children,2018,N/A,N/A,N/A
2107,"In Sanity, Florida",2017,N/A,N/A,N/A
2108,Guided Meditation with Christine Wushke,2017,N/A,N/A,N/A
2109,L.A. Cops,1998,N/A,N/A,N/A
2110,Back to Back Chef,2017,N/A,N/A,N/A
2111,How-To,2015,N/A,N/A,N/A
2112,"Sesame Street: 3,2,1 Let's Go",2010,N/A,N/A,N/A
2113,Can I Catch It,2018,N/A,N/A,N/A
2114,The Bear Whisperer,2010,N/A,N/A,N/A
2115,Great Indian Wars,2009,N/A,N/A,N/A
2116,Celebrity Poker Gala,2018,N/A,N/A,N/A
2117,Food Stories,2017,N/A,N/A,N/A
2118,Citizens of the World,2010,N/A,N/A,N/A
2119,Equipo Constructor en Auto City,2016,N/A,N/A,N/A
2120,World of Discovery,1990,N/A,N/A,N/A
2121,Home Remedy,2017,N/A,N/A,N/A
2122,The Complete Story of Hitler and the Nazis,2017,N/A,N/A,N/A
2123,Thomas Edison's Secret Lab,2015,N/A,N/A,N/A
2124,Honolulu P.D.,2003,N/A,N/A,N/A
2125,Heaven on Earth,2004,N/A,N/A,N/A
2126,Mad Fabricators Society,2015,N/A,N/A,N/A
2127,My Sister-in-Law,2015,N/A,N/A,N/A
2128,My Battalion,2014,N/A,N/A,N/A
2129,How To Self-Publish,2017,N/A,N/A,N/A
2130,Saints & Sinners: The History of the Popes,2013,N/A,N/A,N/A
2131,Dropping the Soap,2017,N/A,N/A,N/A
2132,Strictly Dumpling,2017,N/A,N/A,N/A
2133,Pinkfong! Dinosaur Songs,2014,N/A,N/A,N/A
2134,Red Dust,2013,N/A,N/A,N/A
2135,Quick Bites,2017,N/A,N/A,N/A
